user_id,login_timestamp,ip_address,pincode,is_blacklisted,login_success,device_type,browser,is_off_hours,latitude,longitude
u004,2025-05-01 23:17:00,80.13.24.114,500003,0,0,tablet,Opera,1,16.119941,88.063572
u002,2025-05-01 02:13:00,80.13.24.13,800013,0,1,desktop,Opera,1,20.051933,81.374511
u019,2025-05-02 00:48:00,80.13.24.216,600006,1,0,desktop,Safari,1,13.716205,72.963896
u004,2025-05-01 12:06:00,154.1.3.176,800013,1,0,tablet,Opera,0,12.63892,86.457347
u018,2025-05-01 12:05:00,192.168.1.150,800013,1,0,tablet,Chrome,0,18.612265,83.453379
u002,2025-05-03 07:49:00,154.1.3.40,500003,0,1,mobile,Opera,0,12.226429,88.428287
u012,2025-05-01 11:22:00,80.13.24.136,400001,0,0,desktop,Opera,0,21.156869,74.034443
u013,2025-05-02 20:44:00,192.168.1.112,600006,0,0,desktop,Safari,0,14.000075,73.484686
u013,2025-05-02 02:13:00,192.168.1.161,500003,1,1,tablet,Opera,1,15.346665,79.970372
u005,2025-05-02 04:15:00,45.83.92.134,800013,1,1,mobile,Firefox,1,16.751395,75.533354
u005,2025-05-03 15:05:00,10.0.0.56,500003,0,1,tablet,Chrome,0,18.730382,72.650383
u013,2025-05-02 19:29:00,192.168.1.128,800013,0,0,tablet,Safari,0,15.213591,76.960875
u011,2025-05-01 09:27:00,80.13.24.232,400001,1,0,tablet,Chrome,0,17.01677,84.918343
u010,2025-05-03 16:38:00,80.13.24.78,600006,0,0,tablet,Safari,0,14.196412,79.770454
u016,2025-05-01 03:59:00,154.1.3.157,500003,0,0,tablet,Chrome,1,18.51656,70.882558
u003,2025-05-03 15:52:00,10.0.0.64,500003,1,0,mobile,Opera,0,18.682993,73.239958
u007,2025-05-03 23:44:00,80.13.24.159,700007,1,1,tablet,Opera,1,12.715568,88.028825
u004,2025-05-01 07:04:00,154.1.3.10,800013,0,0,desktop,Chrome,0,22.621952,85.35955
u002,2025-05-01 02:57:00,10.0.0.169,400001,0,1,tablet,Opera,1,15.350751,71.85577
u007,2025-05-03 04:46:00,192.168.1.242,500003,1,1,desktop,Chrome,1,19.526563,78.362897
u004,2025-05-03 13:22:00,172.16.0.210,700007,0,0,desktop,Opera,0,13.342421,79.408361
u011,2025-05-01 07:12:00,80.13.24.229,500003,1,0,mobile,Opera,0,12.378274,87.277088
u008,2025-05-01 14:51:00,192.168.1.50,400001,0,0,desktop,Firefox,0,14.84658,82.587923
u014,2025-05-02 15:13:00,172.16.0.30,500003,1,0,mobile,Safari,0,15.428822,79.881292
u015,2025-05-02 13:44:00,45.83.92.249,500003,0,1,desktop,Chrome,0,18.013813,73.512235
u019,2025-05-03 17:03:00,45.83.92.160,400001,0,1,tablet,Firefox,0,22.665431,84.727524
u002,2025-05-03 02:54:00,80.13.24.35,800013,0,0,mobile,Chrome,1,22.334488,87.00172
u019,2025-05-01 18:38:00,10.0.0.41,700007,1,1,desktop,Safari,0,18.5769,87.51561
u008,2025-05-02 12:08:00,45.83.92.153,700007,1,0,desktop,Opera,0,12.973418,73.723674
u020,2025-05-03 03:04:00,192.168.1.109,800013,1,0,mobile,Chrome,1,12.4975,76.181276
u008,2025-05-02 09:10:00,172.16.0.154,800013,0,1,tablet,Chrome,0,16.27545,75.155632
u005,2025-05-02 03:56:00,10.0.0.79,600006,1,0,tablet,Safari,1,21.116113,76.778313
u007,2025-05-03 20:54:00,154.1.3.250,600006,0,0,tablet,Opera,0,15.09028,80.311226
u009,2025-05-01 00:21:00,80.13.24.134,500003,1,1,tablet,Chrome,1,13.550166,85.241743
u004,2025-05-01 22:57:00,80.13.24.18,600006,0,1,desktop,Chrome,0,12.820057,88.750852
u010,2025-05-02 01:57:00,154.1.3.107,500003,0,1,tablet,Opera,1,20.494692,73.775598
u020,2025-05-03 04:59:00,80.13.24.83,500003,1,0,desktop,Safari,1,12.060743,85.493767
u014,2025-05-03 23:51:00,80.13.24.136,500003,0,1,desktop,Opera,1,19.775431,83.851136
u008,2025-05-01 14:22:00,154.1.3.116,500003,0,0,mobile,Safari,0,20.483974,71.406848
u009,2025-05-01 08:22:00,45.83.92.204,800013,1,0,desktop,Safari,0,15.943123,72.201512
u006,2025-05-03 08:02:00,10.0.0.222,600006,1,1,tablet,Chrome,0,21.494138,81.842664
u013,2025-05-03 06:16:00,10.0.0.223,400001,0,1,mobile,Chrome,0,15.639878,71.207609
u011,2025-05-03 10:42:00,10.0.0.153,800013,1,1,mobile,Opera,0,15.420806,76.178483
u010,2025-05-03 04:12:00,172.16.0.194,500003,1,1,tablet,Chrome,1,20.025668,82.113592
u010,2025-05-02 06:27:00,192.168.1.164,700007,1,1,tablet,Firefox,0,21.75934,78.972084
u017,2025-05-02 23:10:00,45.83.92.43,600006,1,0,desktop,Safari,1,13.315537,83.551651
u008,2025-05-01 04:01:00,10.0.0.125,700007,0,1,mobile,Firefox,1,20.368636,80.664267
u013,2025-05-02 12:15:00,80.13.24.2,400001,1,0,desktop,Opera,0,20.480639,79.382116
u002,2025-05-03 07:58:00,10.0.0.233,500003,1,1,mobile,Opera,0,17.750061,78.123279
u018,2025-05-02 05:47:00,172.16.0.230,600006,0,1,tablet,Opera,1,12.27961,72.049937
u008,2025-05-02 14:04:00,45.83.92.146,500003,1,1,mobile,Chrome,0,12.345721,82.091798
u005,2025-05-01 07:24:00,45.83.92.78,500003,0,1,mobile,Safari,0,15.457916,79.662843
u018,2025-05-02 13:03:00,80.13.24.215,700007,0,1,mobile,Chrome,0,21.983231,74.736552
u012,2025-05-02 12:54:00,172.16.0.112,700007,0,1,mobile,Opera,0,16.514212,84.355472
u001,2025-05-02 10:42:00,45.83.92.207,500003,1,0,tablet,Chrome,0,14.51678,71.462618
u013,2025-05-03 18:42:00,10.0.0.42,700007,0,1,desktop,Chrome,0,15.187266,73.063204
u009,2025-05-02 10:13:00,172.16.0.167,600006,1,1,mobile,Safari,0,22.226674,85.354287
u003,2025-05-02 00:47:00,192.168.1.26,600006,0,0,tablet,Chrome,1,18.967441,86.557751
u001,2025-05-01 06:53:00,10.0.0.78,500003,0,1,tablet,Chrome,0,20.840393,73.544831
u019,2025-05-01 14:44:00,154.1.3.188,500003,0,0,mobile,Chrome,0,21.818149,80.247503
u019,2025-05-01 09:36:00,45.83.92.192,700007,0,0,tablet,Firefox,0,20.881842,87.025735
u004,2025-05-03 09:54:00,45.83.92.61,800013,0,1,tablet,Opera,0,15.498038,72.090987
u012,2025-05-01 16:41:00,154.1.3.6,700007,1,0,mobile,Safari,0,14.507287,78.115048
u015,2025-05-03 04:27:00,80.13.24.138,800013,1,1,mobile,Safari,1,20.998162,86.353881
u011,2025-05-01 02:17:00,172.16.0.124,700007,1,1,desktop,Opera,1,12.076473,79.704199
u011,2025-05-01 15:13:00,154.1.3.132,600006,1,1,tablet,Chrome,0,16.591521,74.220048
u017,2025-05-01 02:15:00,45.83.92.208,700007,0,1,tablet,Opera,1,13.318519,76.414688
u015,2025-05-01 02:18:00,80.13.24.207,500003,1,1,mobile,Safari,1,22.372007,76.140856
u014,2025-05-03 17:21:00,154.1.3.232,600006,1,1,desktop,Chrome,0,17.706697,83.35736
u007,2025-05-02 03:47:00,192.168.1.94,500003,0,1,mobile,Safari,1,15.999926,88.46386
u004,2025-05-01 09:14:00,154.1.3.91,600006,0,0,mobile,Chrome,0,22.58692,74.783864
u002,2025-05-03 09:44:00,80.13.24.251,400001,0,1,mobile,Opera,0,17.469734,75.716688
u015,2025-05-02 05:03:00,154.1.3.244,400001,0,1,mobile,Chrome,1,15.133245,70.700852
u019,2025-05-03 21:03:00,80.13.24.76,800013,1,0,desktop,Chrome,0,18.705208,79.550901
u018,2025-05-02 19:38:00,192.168.1.115,800013,1,1,mobile,Safari,0,12.566266,75.294283
u019,2025-05-02 09:36:00,192.168.1.30,800013,0,0,tablet,Firefox,0,21.990925,74.551676
u009,2025-05-03 02:10:00,80.13.24.88,800013,0,0,desktop,Opera,1,13.593844,79.299602
u015,2025-05-03 19:30:00,154.1.3.16,500003,1,1,tablet,Opera,0,22.842155,74.59905
u003,2025-05-03 07:59:00,154.1.3.101,700007,0,0,tablet,Firefox,0,19.393491,84.470773
u009,2025-05-01 02:03:00,80.13.24.157,800013,1,1,desktop,Opera,1,14.614013,83.836111
u010,2025-05-03 12:17:00,192.168.1.252,700007,0,0,mobile,Safari,0,16.045614,82.013811
u020,2025-05-02 00:05:00,80.13.24.10,600006,0,0,mobile,Opera,1,18.968827,80.179719
u009,2025-05-01 18:27:00,45.83.92.251,400001,1,1,mobile,Safari,0,12.993187,85.870747
u011,2025-05-03 03:54:00,80.13.24.168,700007,1,1,tablet,Opera,1,15.528581,73.543852
u018,2025-05-01 14:05:00,154.1.3.129,600006,0,1,tablet,Chrome,0,12.448527,81.226966
u018,2025-05-02 13:03:00,80.13.24.185,800013,1,1,desktop,Firefox,0,19.453208,70.315169
u009,2025-05-03 04:59:00,154.1.3.224,700007,0,0,tablet,Firefox,1,17.633024,74.30342
u006,2025-05-02 17:00:00,192.168.1.208,400001,0,0,mobile,Chrome,0,19.096901,73.312962
u005,2025-05-02 22:18:00,192.168.1.139,700007,1,1,desktop,Opera,0,19.600315,77.347972
u018,2025-05-01 12:12:00,192.168.1.69,400001,1,1,mobile,Safari,0,22.30403,72.612898
u001,2025-05-02 23:19:00,192.168.1.250,500003,1,1,mobile,Safari,1,15.75173,72.155997
u018,2025-05-03 12:29:00,154.1.3.96,500003,1,0,mobile,Chrome,0,22.17163,86.669448
u011,2025-05-03 15:45:00,172.16.0.197,500003,1,0,desktop,Safari,0,14.837358,82.539697
u004,2025-05-02 03:33:00,172.16.0.7,500003,1,0,desktop,Opera,1,20.989444,80.548815
u009,2025-05-02 19:44:00,172.16.0.41,600006,1,1,tablet,Opera,0,17.826156,74.595194
u018,2025-05-01 19:04:00,80.13.24.147,500003,0,1,desktop,Chrome,0,13.02413,87.047099
u015,2025-05-01 22:19:00,10.0.0.23,600006,0,1,mobile,Safari,0,21.904599,82.028928
u014,2025-05-01 07:33:00,172.16.0.92,500003,0,0,tablet,Opera,0,15.729328,76.634982
u020,2025-05-03 07:31:00,192.168.1.73,500003,1,1,mobile,Safari,0,19.985512,87.045095
u001,2025-05-02 09:43:00,192.168.1.80,400001,1,1,tablet,Safari,0,21.757951,84.817635
u014,2025-05-03 08:29:00,154.1.3.101,700007,1,0,desktop,Opera,0,19.062348,71.598659
u019,2025-05-02 18:18:00,45.83.92.151,400001,1,1,desktop,Chrome,0,13.777916,87.07253
u020,2025-05-03 15:53:00,154.1.3.117,800013,1,0,tablet,Firefox,0,18.67072,70.174744
u020,2025-05-02 21:48:00,45.83.92.70,400001,0,1,mobile,Chrome,0,13.116187,82.606534
u019,2025-05-02 23:08:00,10.0.0.151,600006,1,0,desktop,Firefox,1,12.055677,73.055353
u018,2025-05-02 16:32:00,154.1.3.84,600006,1,1,tablet,Safari,0,18.036072,83.146009
u004,2025-05-02 02:09:00,80.13.24.203,800013,1,0,mobile,Chrome,1,19.171574,74.261117
u009,2025-05-03 03:29:00,154.1.3.134,800013,1,1,desktop,Firefox,1,19.833971,74.507733
u016,2025-05-01 19:56:00,192.168.1.167,800013,0,0,tablet,Opera,0,15.579397,84.183337
u010,2025-05-03 13:07:00,80.13.24.23,400001,1,1,desktop,Chrome,0,19.145962,86.135245
u008,2025-05-03 04:24:00,172.16.0.189,800013,1,0,mobile,Chrome,1,19.233742,80.797863
u016,2025-05-03 13:17:00,10.0.0.189,500003,1,1,desktop,Safari,0,13.030422,76.9866
u004,2025-05-03 11:34:00,45.83.92.183,400001,1,1,desktop,Chrome,0,14.917226,74.635803
u015,2025-05-01 21:13:00,45.83.92.10,400001,1,0,desktop,Firefox,0,22.703116,77.468857
u003,2025-05-03 06:37:00,80.13.24.119,600006,0,0,mobile,Firefox,0,21.812512,81.991634
u005,2025-05-03 08:51:00,80.13.24.56,400001,0,0,mobile,Firefox,0,20.742924,79.550105
u019,2025-05-02 00:11:00,154.1.3.26,500003,1,0,tablet,Chrome,1,18.345943,79.357836
u016,2025-05-02 11:32:00,192.168.1.55,700007,0,0,tablet,Safari,0,14.147673,83.72659
u015,2025-05-03 00:03:00,172.16.0.205,700007,0,1,tablet,Opera,1,15.088496,70.462003
u003,2025-05-01 10:38:00,80.13.24.33,500003,1,1,mobile,Safari,0,19.100195,73.365103
u015,2025-05-03 19:27:00,10.0.0.58,800013,0,1,mobile,Firefox,0,22.345044,88.124643
u014,2025-05-02 14:25:00,172.16.0.48,600006,1,1,tablet,Safari,0,22.063508,77.033015
u012,2025-05-01 21:59:00,172.16.0.34,400001,0,0,mobile,Chrome,0,12.170023,87.638053
u012,2025-05-01 17:03:00,192.168.1.168,400001,1,1,tablet,Opera,0,16.710026,88.366442
u002,2025-05-02 19:19:00,154.1.3.53,800013,0,0,tablet,Opera,0,22.59982,86.20718
u008,2025-05-01 11:54:00,192.168.1.188,400001,1,0,mobile,Chrome,0,15.238938,77.316857
u020,2025-05-03 22:17:00,10.0.0.92,600006,1,1,mobile,Chrome,0,21.362503,76.021518
u006,2025-05-01 18:42:00,172.16.0.35,500003,0,0,tablet,Firefox,0,13.86442,80.579224
u013,2025-05-02 14:21:00,80.13.24.189,600006,1,0,desktop,Firefox,0,22.297703,83.224566
u006,2025-05-03 01:43:00,10.0.0.139,700007,1,1,tablet,Opera,1,18.270673,71.846353
u014,2025-05-02 06:48:00,192.168.1.58,600006,1,0,mobile,Opera,0,18.765079,88.811023
u017,2025-05-03 09:02:00,80.13.24.202,800013,0,0,desktop,Safari,0,13.540924,79.848263
u007,2025-05-01 08:18:00,154.1.3.61,400001,1,1,desktop,Firefox,0,21.651104,84.074604
u013,2025-05-03 22:14:00,192.168.1.181,400001,1,0,mobile,Chrome,0,19.667173,83.347198
u015,2025-05-01 10:36:00,172.16.0.207,700007,1,0,mobile,Chrome,0,15.954403,75.578245
u011,2025-05-01 19:29:00,45.83.92.185,400001,1,0,desktop,Opera,0,20.902973,85.392154
u019,2025-05-02 16:05:00,172.16.0.158,600006,0,1,desktop,Chrome,0,21.537796,87.35157
u017,2025-05-03 03:33:00,192.168.1.99,600006,1,0,desktop,Chrome,1,17.624766,79.52881
u005,2025-05-02 06:11:00,192.168.1.78,400001,0,1,mobile,Opera,0,20.781247,82.349315
u019,2025-05-03 20:39:00,154.1.3.161,500003,1,0,mobile,Opera,0,19.721636,85.120061
u010,2025-05-02 18:03:00,154.1.3.37,600006,1,1,desktop,Chrome,0,21.790059,76.421908
u012,2025-05-02 02:41:00,10.0.0.196,700007,0,1,tablet,Firefox,1,16.131412,71.785657
u011,2025-05-03 15:32:00,80.13.24.31,700007,0,1,tablet,Chrome,0,18.361082,70.682903
u017,2025-05-03 05:02:00,80.13.24.224,700007,0,1,mobile,Safari,1,17.121578,80.310248
u013,2025-05-02 10:43:00,192.168.1.26,600006,0,1,desktop,Opera,0,15.151954,81.225832
u010,2025-05-02 23:54:00,45.83.92.76,600006,0,0,mobile,Safari,1,12.335503,70.709616
u013,2025-05-01 19:45:00,10.0.0.158,800013,1,1,desktop,Chrome,0,21.048606,76.843622
u014,2025-05-03 11:01:00,154.1.3.158,500003,0,1,mobile,Firefox,0,13.397666,79.922622
u008,2025-05-01 04:04:00,154.1.3.51,800013,0,1,tablet,Firefox,1,20.469929,74.1006
u020,2025-05-02 04:10:00,80.13.24.84,700007,0,1,mobile,Firefox,1,18.851795,71.621602
u015,2025-05-03 09:48:00,45.83.92.229,500003,0,1,mobile,Firefox,0,12.568499,80.095738
u012,2025-05-03 18:28:00,172.16.0.144,700007,1,0,desktop,Firefox,0,17.946986,82.111168
u009,2025-05-01 20:30:00,154.1.3.52,800013,0,1,desktop,Firefox,0,19.987005,88.54119
u009,2025-05-02 16:09:00,172.16.0.46,500003,1,1,desktop,Opera,0,17.679304,76.136173
u002,2025-05-02 16:23:00,80.13.24.197,400001,1,0,desktop,Safari,0,20.747048,75.145813
u004,2025-05-03 20:21:00,80.13.24.70,400001,1,1,tablet,Firefox,0,16.828686,71.490671
u016,2025-05-02 19:00:00,10.0.0.9,600006,0,0,tablet,Opera,0,12.278858,88.29032
u004,2025-05-02 07:19:00,10.0.0.24,500003,1,1,desktop,Chrome,0,21.195781,83.22351
u016,2025-05-03 17:01:00,45.83.92.123,500003,1,1,desktop,Safari,0,16.498482,73.292592
u008,2025-05-03 13:11:00,45.83.92.43,800013,1,0,tablet,Chrome,0,13.720807,74.754615
u013,2025-05-02 01:40:00,172.16.0.191,600006,0,1,desktop,Safari,1,18.041493,83.577323
u008,2025-05-03 21:40:00,10.0.0.170,500003,0,1,tablet,Safari,0,19.262171,75.318744
u006,2025-05-03 14:44:00,172.16.0.93,500003,0,1,desktop,Safari,0,22.503518,84.020041
u007,2025-05-01 06:56:00,10.0.0.161,600006,1,1,mobile,Chrome,0,18.097895,81.622694
u007,2025-05-02 11:55:00,10.0.0.169,600006,0,1,mobile,Opera,0,16.615601,74.706889
u015,2025-05-02 10:11:00,172.16.0.254,600006,1,0,tablet,Opera,0,15.915699,84.399076
u003,2025-05-02 19:52:00,80.13.24.150,600006,0,0,mobile,Safari,0,12.158328,72.20538
u010,2025-05-02 19:45:00,172.16.0.85,700007,1,1,desktop,Safari,0,12.506029,70.773847
u020,2025-05-02 08:40:00,10.0.0.38,700007,1,0,desktop,Firefox,0,21.410066,83.369499
u020,2025-05-03 14:02:00,80.13.24.34,500003,1,1,mobile,Chrome,0,17.215912,71.858849
u020,2025-05-01 21:28:00,154.1.3.190,700007,0,0,tablet,Safari,0,17.407775,78.995964
u013,2025-05-02 20:17:00,80.13.24.58,400001,0,1,tablet,Opera,0,13.905221,78.243181
u018,2025-05-01 08:49:00,154.1.3.228,500003,1,1,desktop,Chrome,0,16.383552,81.701152
u005,2025-05-01 14:11:00,45.83.92.227,400001,1,1,tablet,Chrome,0,18.98603,70.860776
u018,2025-05-03 09:57:00,154.1.3.80,500003,1,0,desktop,Firefox,0,16.120739,81.891338
u005,2025-05-01 15:01:00,154.1.3.188,700007,0,0,desktop,Safari,0,17.534499,86.273307
u013,2025-05-03 23:30:00,192.168.1.210,700007,0,0,mobile,Chrome,1,19.24563,73.095754
u015,2025-05-02 21:33:00,154.1.3.65,800013,0,0,mobile,Chrome,0,12.776256,82.205966
u004,2025-05-03 04:19:00,80.13.24.82,600006,0,1,tablet,Safari,1,12.291624,81.129736
u003,2025-05-02 06:40:00,192.168.1.140,500003,1,0,tablet,Firefox,0,22.342533,80.934009
u019,2025-05-03 04:10:00,45.83.92.172,800013,0,0,desktop,Chrome,1,16.269869,82.222476
u019,2025-05-02 20:13:00,192.168.1.213,800013,0,1,tablet,Safari,0,17.040782,80.366719
u010,2025-05-02 07:51:00,45.83.92.207,600006,1,0,tablet,Chrome,0,22.356113,77.33595
u006,2025-05-02 13:30:00,172.16.0.104,600006,0,1,tablet,Safari,0,22.573096,87.201662
u012,2025-05-02 04:48:00,154.1.3.54,600006,0,1,desktop,Safari,1,14.153702,71.317865
u015,2025-05-01 04:06:00,10.0.0.148,700007,1,0,desktop,Safari,1,13.108558,70.346215
u019,2025-05-03 10:12:00,80.13.24.255,800013,1,1,mobile,Opera,0,13.038873,82.977129
u001,2025-05-01 12:32:00,172.16.0.123,500003,1,0,desktop,Safari,0,12.783075,76.060537
u016,2025-05-03 20:43:00,172.16.0.146,800013,0,0,mobile,Firefox,0,21.293628,70.442167
u009,2025-05-03 11:48:00,172.16.0.187,400001,1,0,tablet,Firefox,0,20.959153,75.355241
u012,2025-05-03 09:04:00,172.16.0.230,800013,1,0,desktop,Chrome,0,13.299813,83.238006
u013,2025-05-02 10:35:00,154.1.3.73,500003,1,0,desktop,Chrome,0,18.918371,86.671968
u005,2025-05-03 10:51:00,172.16.0.233,500003,0,1,tablet,Safari,0,20.085781,85.266138
u006,2025-05-02 19:47:00,154.1.3.172,800013,1,1,mobile,Chrome,0,15.10238,73.371351
u012,2025-05-02 21:07:00,172.16.0.157,400001,1,1,tablet,Firefox,0,20.256762,85.32986
u002,2025-05-03 15:10:00,192.168.1.194,500003,0,0,tablet,Chrome,0,22.895557,77.839736
u007,2025-05-01 14:20:00,172.16.0.77,700007,0,1,tablet,Opera,0,16.092199,84.751846
u002,2025-05-03 04:33:00,80.13.24.166,700007,1,1,desktop,Opera,1,15.748839,87.684389
u018,2025-05-02 17:22:00,45.83.92.135,800013,1,0,desktop,Safari,0,21.44254,78.150887
u018,2025-05-02 07:19:00,154.1.3.106,700007,1,1,mobile,Safari,0,20.259582,84.336315
u010,2025-05-01 18:43:00,192.168.1.194,700007,1,0,mobile,Chrome,0,13.134363,87.148505
u010,2025-05-03 02:22:00,172.16.0.131,700007,0,0,tablet,Safari,1,17.557776,85.702692
u018,2025-05-03 08:08:00,10.0.0.122,500003,0,0,tablet,Firefox,0,15.520546,87.014941
u002,2025-05-01 13:21:00,45.83.92.241,400001,0,0,tablet,Firefox,0,16.281218,70.205915
u014,2025-05-03 15:30:00,45.83.92.102,600006,1,1,tablet,Chrome,0,21.959202,71.734447
u003,2025-05-03 18:14:00,192.168.1.19,500003,1,0,desktop,Opera,0,15.51245,88.051177
u016,2025-05-01 23:55:00,154.1.3.19,400001,1,0,mobile,Safari,1,22.456679,80.89532
u015,2025-05-03 17:33:00,172.16.0.68,800013,1,1,desktop,Chrome,0,18.950209,78.520465
u011,2025-05-01 23:29:00,45.83.92.131,500003,0,1,mobile,Firefox,1,15.225318,76.244626
u006,2025-05-03 20:57:00,172.16.0.218,800013,1,0,mobile,Chrome,0,19.397703,84.295116
u006,2025-05-01 15:20:00,80.13.24.3,600006,1,0,mobile,Safari,0,20.707369,85.002745
u011,2025-05-02 18:46:00,192.168.1.5,600006,1,0,desktop,Chrome,0,13.003267,79.393986
u015,2025-05-02 05:25:00,45.83.92.159,400001,1,1,tablet,Firefox,1,12.633146,80.441049
u008,2025-05-01 15:09:00,172.16.0.191,700007,1,0,desktop,Chrome,0,16.856836,86.866379
u017,2025-05-02 16:45:00,154.1.3.39,800013,0,0,tablet,Firefox,0,15.860065,72.224273
u019,2025-05-03 04:10:00,154.1.3.226,400001,0,1,desktop,Opera,1,13.572909,84.468702
u002,2025-05-02 04:32:00,172.16.0.233,800013,0,1,tablet,Safari,1,18.800399,71.921331
u001,2025-05-02 08:52:00,10.0.0.111,800013,0,0,mobile,Safari,0,12.925175,83.318413
u003,2025-05-03 01:59:00,10.0.0.241,400001,1,1,desktop,Firefox,1,12.800393,85.615341
u014,2025-05-02 12:28:00,172.16.0.192,400001,0,1,desktop,Firefox,0,19.768664,71.545627
u018,2025-05-02 16:08:00,45.83.92.114,400001,0,1,mobile,Opera,0,12.933215,88.746152
u018,2025-05-02 07:15:00,172.16.0.177,500003,1,0,tablet,Chrome,0,16.116979,77.042201
u002,2025-05-03 13:39:00,10.0.0.123,500003,0,0,tablet,Chrome,0,20.940795,87.997723
u015,2025-05-03 21:45:00,10.0.0.125,400001,1,1,desktop,Firefox,0,22.846012,84.314186
u002,2025-05-01 16:18:00,80.13.24.163,800013,1,0,mobile,Firefox,0,16.138855,71.586514
u017,2025-05-01 13:19:00,154.1.3.31,800013,0,1,tablet,Opera,0,20.548616,80.609681
u002,2025-05-02 20:42:00,172.16.0.163,700007,1,0,mobile,Opera,0,16.666442,87.220733
u006,2025-05-03 15:15:00,80.13.24.153,500003,1,0,tablet,Opera,0,13.223172,79.359877
u014,2025-05-03 16:08:00,172.16.0.124,600006,0,1,tablet,Chrome,0,12.12489,78.904552
u015,2025-05-02 02:34:00,45.83.92.97,400001,1,1,tablet,Chrome,1,12.619336,72.25754
u003,2025-05-01 18:46:00,45.83.92.111,700007,0,1,mobile,Chrome,0,13.292789,82.334996
u007,2025-05-01 23:07:00,45.83.92.245,500003,0,1,desktop,Safari,1,20.206494,81.084007
u010,2025-05-02 14:34:00,45.83.92.183,600006,1,1,tablet,Opera,0,22.583898,77.122541
u015,2025-05-01 23:30:00,154.1.3.104,600006,1,1,desktop,Firefox,1,15.142833,86.503383
u005,2025-05-01 08:35:00,192.168.1.213,600006,0,0,mobile,Firefox,0,14.459554,88.301228
u013,2025-05-03 07:31:00,192.168.1.172,600006,1,1,mobile,Firefox,0,12.133699,88.427698
u012,2025-05-01 04:46:00,192.168.1.250,500003,0,0,desktop,Chrome,1,12.474759,86.931719
u001,2025-05-02 04:53:00,45.83.92.118,400001,0,0,desktop,Opera,1,17.804712,88.866331
u012,2025-05-01 19:40:00,45.83.92.247,700007,0,0,tablet,Opera,0,12.811762,80.523231
u001,2025-05-01 16:46:00,154.1.3.146,400001,1,0,desktop,Chrome,0,22.662328,79.938859
u017,2025-05-01 07:12:00,192.168.1.129,600006,1,1,desktop,Safari,0,18.923385,83.219225
u013,2025-05-02 18:15:00,45.83.92.115,600006,0,0,desktop,Opera,0,16.999952,81.923604
u013,2025-05-02 17:30:00,10.0.0.4,500003,0,1,mobile,Safari,0,18.427457,87.122002
u019,2025-05-01 16:58:00,10.0.0.117,500003,1,1,desktop,Chrome,0,12.49991,75.338301
u009,2025-05-03 18:42:00,10.0.0.91,600006,0,0,tablet,Firefox,0,22.454526,86.915012
u013,2025-05-01 09:10:00,192.168.1.123,800013,1,1,mobile,Firefox,0,17.012224,81.782519
u003,2025-05-03 23:22:00,10.0.0.50,700007,0,0,mobile,Opera,1,15.051193,73.574302
u011,2025-05-01 20:17:00,172.16.0.251,500003,1,1,mobile,Firefox,0,17.100682,76.713692
u019,2025-05-03 12:05:00,192.168.1.151,500003,0,0,mobile,Firefox,0,18.420217,71.476958
u013,2025-05-03 20:09:00,45.83.92.199,600006,1,0,desktop,Chrome,0,22.718343,88.738004
u010,2025-05-02 11:48:00,154.1.3.52,500003,0,0,mobile,Opera,0,19.679779,80.185831
u018,2025-05-03 16:26:00,10.0.0.13,400001,1,0,tablet,Safari,0,15.404804,85.462105
u013,2025-05-01 09:26:00,172.16.0.43,800013,0,0,tablet,Opera,0,19.532043,73.089722
u006,2025-05-01 08:19:00,154.1.3.252,500003,0,0,mobile,Safari,0,22.020199,85.628208
u014,2025-05-02 15:50:00,10.0.0.184,600006,0,1,tablet,Firefox,0,22.447799,83.788671
u015,2025-05-01 04:19:00,10.0.0.202,600006,1,1,mobile,Safari,1,18.747567,77.946618
u014,2025-05-03 19:08:00,154.1.3.164,800013,0,1,mobile,Firefox,0,22.260013,86.455214
u013,2025-05-02 09:47:00,45.83.92.251,800013,0,1,mobile,Safari,0,12.497405,70.500973
u013,2025-05-02 03:59:00,192.168.1.102,800013,0,0,tablet,Opera,1,16.141097,85.400513
u007,2025-05-02 09:53:00,45.83.92.35,700007,1,0,tablet,Safari,0,22.860037,72.857921
u008,2025-05-02 21:09:00,45.83.92.216,700007,0,1,tablet,Opera,0,18.535438,77.236926
u019,2025-05-02 17:32:00,45.83.92.214,800013,0,1,tablet,Chrome,0,22.669058,86.00026
u004,2025-05-01 21:42:00,154.1.3.85,800013,0,1,mobile,Opera,0,21.221616,78.90517
u004,2025-05-01 03:16:00,80.13.24.113,700007,1,1,mobile,Firefox,1,16.563015,75.194734
u012,2025-05-01 15:06:00,154.1.3.212,400001,0,0,mobile,Safari,0,12.62013,86.429725
u011,2025-05-02 06:33:00,172.16.0.178,700007,0,1,tablet,Opera,0,20.941911,88.994636
u011,2025-05-01 09:02:00,45.83.92.58,400001,1,0,tablet,Firefox,0,22.963005,80.553202
u008,2025-05-03 05:35:00,80.13.24.169,800013,1,1,desktop,Opera,1,20.458862,87.950549
u006,2025-05-01 20:42:00,172.16.0.202,400001,0,1,tablet,Opera,0,21.346121,74.699614
u013,2025-05-01 22:13:00,80.13.24.142,400001,0,0,mobile,Safari,0,16.955985,72.454029
u007,2025-05-02 03:16:00,45.83.92.250,800013,1,1,tablet,Opera,1,22.494561,81.517318
u019,2025-05-01 11:22:00,172.16.0.88,600006,0,0,mobile,Chrome,0,14.515071,82.762313
u008,2025-05-02 03:11:00,154.1.3.72,800013,1,1,tablet,Firefox,1,18.799411,76.805092
u019,2025-05-02 13:11:00,172.16.0.88,800013,0,1,mobile,Firefox,0,13.249134,82.759891
u006,2025-05-02 14:39:00,10.0.0.183,400001,1,0,desktop,Opera,0,17.723385,84.674049
u018,2025-05-03 20:31:00,172.16.0.251,700007,1,1,desktop,Chrome,0,17.721799,86.191449
u019,2025-05-01 07:18:00,10.0.0.140,500003,1,0,mobile,Opera,0,18.070975,80.657821
u018,2025-05-03 03:36:00,10.0.0.137,800013,1,0,tablet,Opera,1,21.64319,77.666174
u018,2025-05-01 13:06:00,45.83.92.126,600006,0,1,mobile,Safari,0,13.474168,70.546871
u003,2025-05-02 03:49:00,80.13.24.107,800013,1,1,desktop,Firefox,1,20.30651,81.785881
u007,2025-05-01 01:36:00,154.1.3.143,800013,0,1,tablet,Safari,1,19.744877,74.046319
u010,2025-05-03 08:54:00,192.168.1.48,500003,1,0,mobile,Firefox,0,13.500086,70.276349
u005,2025-05-01 04:45:00,154.1.3.126,700007,1,0,tablet,Safari,1,15.856463,81.208436
u014,2025-05-02 14:04:00,45.83.92.47,700007,1,1,mobile,Opera,0,16.314684,78.312024
u011,2025-05-03 00:55:00,45.83.92.47,700007,1,0,tablet,Opera,1,21.945746,76.616854
u007,2025-05-02 06:31:00,154.1.3.165,600006,1,0,tablet,Opera,0,17.653884,84.889407
u011,2025-05-03 01:02:00,10.0.0.235,400001,0,0,mobile,Opera,1,16.361971,81.819647
u001,2025-05-02 06:44:00,80.13.24.154,500003,1,0,tablet,Safari,0,21.486001,88.040892
u009,2025-05-01 11:42:00,45.83.92.84,400001,1,1,tablet,Firefox,0,13.617808,87.605165
u014,2025-05-03 02:45:00,10.0.0.0,500003,1,0,desktop,Firefox,1,17.413279,74.906643
u017,2025-05-03 14:00:00,10.0.0.175,400001,1,0,mobile,Chrome,0,17.050493,88.620619
u008,2025-05-02 02:46:00,10.0.0.52,600006,1,1,desktop,Opera,1,17.418799,76.246281
u005,2025-05-03 21:09:00,10.0.0.4,800013,0,1,mobile,Firefox,0,18.967409,74.562767
u005,2025-05-02 19:43:00,172.16.0.111,400001,0,0,desktop,Opera,0,12.834497,72.448715
u012,2025-05-02 10:50:00,80.13.24.126,600006,0,0,tablet,Safari,0,13.408504,72.886151
u001,2025-05-03 09:13:00,192.168.1.96,700007,1,0,desktop,Opera,0,13.527099,82.17662
u013,2025-05-01 07:31:00,45.83.92.36,800013,0,1,mobile,Firefox,0,14.000681,76.567678
u013,2025-05-03 13:23:00,192.168.1.88,700007,0,0,tablet,Chrome,0,21.864673,79.005271
u001,2025-05-02 06:02:00,10.0.0.203,800013,1,1,mobile,Opera,0,19.343135,73.274078
u003,2025-05-03 17:34:00,192.168.1.78,600006,0,1,desktop,Firefox,0,14.115179,70.776504
u005,2025-05-03 10:25:00,192.168.1.33,600006,1,0,desktop,Firefox,0,13.858286,75.293216
u003,2025-05-02 03:29:00,192.168.1.28,600006,0,0,desktop,Firefox,1,13.947115,71.685348
u001,2025-05-01 15:22:00,192.168.1.132,500003,1,0,tablet,Safari,0,13.326995,78.754797
u004,2025-05-01 10:51:00,172.16.0.139,800013,0,1,tablet,Chrome,0,14.269671,76.921127
u016,2025-05-02 16:23:00,10.0.0.255,800013,0,1,desktop,Safari,0,17.53759,83.117502
u004,2025-05-03 21:46:00,10.0.0.116,800013,0,0,desktop,Firefox,0,12.432434,85.188798
u002,2025-05-02 11:24:00,80.13.24.91,400001,1,0,mobile,Firefox,0,18.906904,71.553422
u014,2025-05-03 10:17:00,10.0.0.190,400001,0,0,desktop,Chrome,0,21.609365,87.496576
u013,2025-05-01 14:55:00,154.1.3.159,600006,0,1,desktop,Safari,0,12.671858,75.260675
u007,2025-05-02 18:50:00,154.1.3.124,700007,1,1,desktop,Firefox,0,20.868214,84.216934
u005,2025-05-01 13:01:00,80.13.24.177,400001,1,0,tablet,Opera,0,14.029731,73.977637
u010,2025-05-01 06:33:00,80.13.24.214,700007,0,0,tablet,Safari,0,16.075193,79.205937
u003,2025-05-01 07:57:00,192.168.1.211,600006,1,0,tablet,Chrome,0,18.800802,77.009359
u017,2025-05-01 20:52:00,172.16.0.38,800013,0,1,tablet,Firefox,0,17.087882,84.201948
u008,2025-05-02 08:54:00,154.1.3.201,600006,1,1,mobile,Firefox,0,12.403515,74.796302
u003,2025-05-01 04:49:00,192.168.1.55,500003,0,0,mobile,Opera,1,19.846845,87.00893
u011,2025-05-02 03:34:00,154.1.3.106,700007,1,1,mobile,Chrome,1,17.628452,80.110156
u003,2025-05-01 21:19:00,45.83.92.20,500003,1,0,desktop,Firefox,0,13.178892,78.500835
u012,2025-05-02 16:03:00,45.83.92.153,600006,0,0,mobile,Opera,0,17.85879,74.60694
u018,2025-05-03 17:15:00,10.0.0.236,400001,0,0,desktop,Chrome,0,14.961676,77.168399
u008,2025-05-01 06:52:00,172.16.0.190,400001,1,0,desktop,Chrome,0,12.220783,76.119504
u007,2025-05-03 14:51:00,80.13.24.47,600006,0,0,mobile,Chrome,0,14.325928,76.22245
u006,2025-05-03 13:52:00,45.83.92.202,700007,0,1,tablet,Opera,0,13.317383,86.920018
u006,2025-05-02 06:58:00,80.13.24.140,600006,1,0,desktop,Firefox,0,18.529517,82.902944
u010,2025-05-02 13:56:00,192.168.1.245,400001,0,1,mobile,Firefox,0,20.680884,79.470402
u014,2025-05-01 20:56:00,192.168.1.127,800013,0,1,tablet,Safari,0,12.956123,80.205024
u016,2025-05-03 15:22:00,192.168.1.164,700007,1,0,desktop,Safari,0,18.455252,84.16335
u020,2025-05-01 00:57:00,154.1.3.29,700007,1,0,desktop,Chrome,1,16.748255,72.424026
u008,2025-05-03 07:17:00,192.168.1.28,500003,1,1,desktop,Firefox,0,15.121535,76.898564
u008,2025-05-03 10:51:00,45.83.92.183,800013,0,1,tablet,Firefox,0,19.10509,80.844788
u019,2025-05-01 15:34:00,154.1.3.89,700007,0,0,desktop,Firefox,0,15.917064,88.74379
u020,2025-05-01 00:33:00,172.16.0.0,600006,0,0,mobile,Firefox,1,18.663523,74.507309
u011,2025-05-01 00:09:00,192.168.1.72,400001,1,0,mobile,Opera,1,13.119607,72.904324
u019,2025-05-01 10:19:00,154.1.3.69,500003,1,1,tablet,Safari,0,14.705535,73.052946
u006,2025-05-03 17:44:00,192.168.1.182,500003,0,1,mobile,Safari,0,14.052237,75.416808
u005,2025-05-01 23:00:00,45.83.92.200,800013,0,0,tablet,Safari,1,13.90711,87.038543
u020,2025-05-01 20:36:00,10.0.0.254,500003,1,0,desktop,Safari,0,12.882571,79.965716
u011,2025-05-01 20:56:00,10.0.0.171,700007,0,1,desktop,Firefox,0,16.514365,88.665194
u003,2025-05-02 08:50:00,10.0.0.0,400001,1,1,tablet,Opera,0,13.232428,77.559256
u006,2025-05-02 15:56:00,172.16.0.179,800013,1,0,mobile,Firefox,0,22.664175,86.444635
u006,2025-05-02 02:51:00,10.0.0.150,400001,1,1,desktop,Chrome,1,20.987793,74.900154
u011,2025-05-01 12:10:00,45.83.92.38,800013,0,1,tablet,Opera,0,13.879763,82.704221
u001,2025-05-02 20:10:00,192.168.1.222,500003,0,0,mobile,Firefox,0,22.223136,80.578495
u007,2025-05-02 22:35:00,45.83.92.135,600006,1,0,desktop,Chrome,0,18.28774,75.319603
u013,2025-05-03 17:53:00,172.16.0.78,400001,1,0,mobile,Chrome,0,20.464422,73.553831
u010,2025-05-03 20:38:00,172.16.0.102,400001,0,0,desktop,Safari,0,15.560472,78.083292
u003,2025-05-02 03:19:00,172.16.0.241,700007,1,0,tablet,Opera,1,17.583714,74.605785
u006,2025-05-02 12:23:00,80.13.24.228,400001,1,1,mobile,Safari,0,13.263205,81.601781
u008,2025-05-02 18:03:00,80.13.24.49,400001,1,1,tablet,Firefox,0,15.174936,81.043526
u018,2025-05-01 12:52:00,192.168.1.214,800013,1,0,mobile,Safari,0,13.69799,79.141662
u003,2025-05-02 22:02:00,192.168.1.75,400001,1,0,desktop,Firefox,0,17.858484,70.984647
u007,2025-05-01 01:27:00,10.0.0.222,500003,0,1,mobile,Chrome,1,15.702647,72.553879
u003,2025-05-02 17:25:00,192.168.1.166,600006,1,0,tablet,Opera,0,12.697125,88.809244
u004,2025-05-02 04:09:00,192.168.1.51,400001,0,1,tablet,Safari,1,15.545892,85.387614
u014,2025-05-02 12:41:00,172.16.0.242,400001,0,1,mobile,Firefox,0,14.801047,82.948552
u020,2025-05-03 21:44:00,172.16.0.19,700007,1,0,desktop,Opera,0,20.362506,81.317136
u009,2025-05-02 00:21:00,154.1.3.159,600006,1,0,desktop,Firefox,1,17.187338,77.824977
u010,2025-05-03 14:49:00,154.1.3.137,700007,0,0,mobile,Firefox,0,15.837551,87.661054
u014,2025-05-03 15:48:00,192.168.1.191,400001,0,0,mobile,Opera,0,21.136813,88.335511
u005,2025-05-03 18:01:00,80.13.24.98,500003,0,0,desktop,Opera,0,13.367269,83.886482
u002,2025-05-02 22:12:00,154.1.3.188,700007,1,0,tablet,Chrome,0,22.321745,73.443428
u008,2025-05-02 15:38:00,172.16.0.90,700007,1,1,desktop,Safari,0,12.731459,84.081292
u003,2025-05-02 00:24:00,10.0.0.83,800013,0,0,tablet,Firefox,1,18.319204,85.994747
u007,2025-05-02 20:26:00,192.168.1.10,400001,1,0,tablet,Firefox,0,13.537496,85.110079
u020,2025-05-01 07:16:00,192.168.1.156,600006,1,1,mobile,Opera,0,14.217901,73.109463
u009,2025-05-01 14:19:00,45.83.92.203,800013,0,0,tablet,Safari,0,13.806924,85.47692
u018,2025-05-03 19:38:00,154.1.3.152,400001,1,0,mobile,Safari,0,19.317169,79.938243
u011,2025-05-02 08:41:00,45.83.92.152,500003,0,0,desktop,Opera,0,15.947135,86.66681
u011,2025-05-03 04:46:00,10.0.0.254,600006,1,1,mobile,Opera,1,16.316896,85.515389
u002,2025-05-03 22:36:00,80.13.24.175,500003,1,1,tablet,Safari,0,16.830484,77.161944
u006,2025-05-03 17:11:00,154.1.3.49,700007,0,1,tablet,Firefox,0,17.089478,75.72618
u011,2025-05-03 02:14:00,154.1.3.114,600006,1,1,mobile,Safari,1,20.223703,79.551687
u019,2025-05-02 14:54:00,10.0.0.240,400001,0,1,desktop,Chrome,0,14.55434,87.091917
u013,2025-05-03 09:26:00,10.0.0.77,500003,0,1,mobile,Opera,0,16.222803,80.327504
u005,2025-05-02 22:11:00,10.0.0.249,600006,0,1,tablet,Chrome,0,21.971193,81.860522
u001,2025-05-02 08:13:00,80.13.24.81,700007,0,0,tablet,Opera,0,13.285878,87.85681
u014,2025-05-02 13:30:00,172.16.0.2,400001,0,1,desktop,Safari,0,18.904789,76.363207
u017,2025-05-01 00:43:00,10.0.0.127,500003,1,1,desktop,Chrome,1,13.531993,85.086479
u013,2025-05-03 18:19:00,80.13.24.33,400001,1,1,mobile,Safari,0,18.8208,80.135761
u014,2025-05-03 04:21:00,172.16.0.183,500003,0,1,desktop,Firefox,1,21.832818,84.983347
u008,2025-05-03 04:13:00,45.83.92.11,800013,0,0,mobile,Chrome,1,13.668424,75.922719
u013,2025-05-03 08:49:00,192.168.1.24,800013,0,0,tablet,Chrome,0,14.733381,84.13498
u002,2025-05-03 03:26:00,172.16.0.194,400001,1,1,tablet,Firefox,1,12.368857,80.827904
u007,2025-05-03 21:40:00,10.0.0.154,700007,0,1,tablet,Firefox,0,20.387046,86.658547
u014,2025-05-01 16:46:00,192.168.1.60,600006,0,0,mobile,Firefox,0,15.762899,85.603889
u020,2025-05-01 08:53:00,192.168.1.103,600006,1,1,desktop,Chrome,0,13.216949,86.082594
u018,2025-05-02 06:44:00,172.16.0.169,500003,0,0,tablet,Chrome,0,13.402375,77.548459
u004,2025-05-03 21:31:00,80.13.24.46,800013,0,0,mobile,Firefox,0,20.770249,72.848431
u015,2025-05-02 08:29:00,10.0.0.51,500003,0,1,mobile,Safari,0,14.521765,83.722799
u014,2025-05-03 03:06:00,10.0.0.4,500003,0,1,mobile,Opera,1,19.920402,82.181805
u020,2025-05-02 23:05:00,154.1.3.175,500003,0,1,mobile,Opera,1,19.633433,80.311764
u009,2025-05-02 22:54:00,172.16.0.215,500003,0,0,tablet,Chrome,0,14.76979,76.568224
u006,2025-05-01 13:58:00,192.168.1.247,800013,1,0,tablet,Opera,0,13.997575,87.260561
u012,2025-05-03 00:55:00,45.83.92.66,700007,1,0,mobile,Opera,1,18.41731,77.616177
u002,2025-05-01 08:41:00,154.1.3.6,800013,0,1,tablet,Chrome,0,17.082064,87.998383
u014,2025-05-03 23:15:00,172.16.0.177,700007,0,0,desktop,Firefox,1,13.686865,81.138367
u017,2025-05-02 15:55:00,80.13.24.38,700007,1,0,mobile,Safari,0,17.564775,81.61763
u002,2025-05-03 07:35:00,45.83.92.193,700007,0,0,mobile,Opera,0,12.199212,86.570354
u019,2025-05-02 02:54:00,172.16.0.228,600006,0,1,tablet,Chrome,1,22.253301,80.73753
u004,2025-05-02 13:02:00,192.168.1.0,400001,1,0,tablet,Opera,0,19.663159,87.527488
u011,2025-05-02 01:52:00,80.13.24.232,600006,1,1,tablet,Opera,1,19.779625,72.898242
u004,2025-05-01 21:14:00,10.0.0.174,600006,1,1,tablet,Chrome,0,18.339172,81.527586
u002,2025-05-01 15:08:00,45.83.92.209,400001,1,0,desktop,Chrome,0,16.665437,83.99244
u013,2025-05-01 14:52:00,80.13.24.173,400001,1,0,tablet,Chrome,0,22.278037,87.585802
u015,2025-05-02 21:37:00,192.168.1.68,700007,0,0,tablet,Opera,0,16.959233,72.151523
u019,2025-05-02 16:49:00,80.13.24.88,500003,0,1,tablet,Safari,0,22.833253,85.939064
u017,2025-05-02 13:38:00,45.83.92.127,600006,1,1,mobile,Opera,0,13.371289,87.495996
u005,2025-05-01 13:38:00,45.83.92.153,800013,1,0,desktop,Firefox,0,21.56886,79.857923
u020,2025-05-03 09:43:00,154.1.3.67,500003,1,0,mobile,Opera,0,18.50403,77.581051
u019,2025-05-03 21:45:00,172.16.0.146,700007,0,0,desktop,Opera,0,12.602378,76.368748
u005,2025-05-01 21:03:00,80.13.24.136,500003,1,1,desktop,Chrome,0,20.831388,70.088008
u010,2025-05-01 17:02:00,154.1.3.231,400001,0,1,desktop,Safari,0,15.668491,77.565205
u002,2025-05-02 12:26:00,45.83.92.160,800013,0,0,tablet,Safari,0,17.911352,87.477257
u007,2025-05-03 14:53:00,80.13.24.188,800013,0,0,mobile,Opera,0,15.809806,76.592111
u006,2025-05-03 02:11:00,80.13.24.61,700007,0,1,mobile,Safari,1,20.112514,78.592141
u005,2025-05-01 18:54:00,154.1.3.2,600006,1,0,desktop,Firefox,0,14.470653,78.596351
u011,2025-05-03 01:49:00,45.83.92.154,700007,1,0,tablet,Safari,1,13.549427,73.351353
u017,2025-05-01 05:33:00,10.0.0.81,700007,1,0,mobile,Firefox,1,17.482046,77.959584
u007,2025-05-03 10:21:00,154.1.3.150,500003,1,0,desktop,Safari,0,22.063305,76.885484
u015,2025-05-01 20:39:00,192.168.1.124,400001,1,1,desktop,Opera,0,18.386472,82.013021
u009,2025-05-03 23:18:00,10.0.0.191,800013,1,1,desktop,Safari,1,12.144039,82.60721
u007,2025-05-02 16:05:00,10.0.0.85,800013,0,0,desktop,Firefox,0,13.958396,88.260336
u014,2025-05-01 06:34:00,45.83.92.222,400001,0,0,mobile,Safari,0,13.63529,77.877858
u002,2025-05-01 02:03:00,80.13.24.128,800013,0,0,mobile,Opera,1,12.938846,88.940611
u013,2025-05-02 20:25:00,172.16.0.161,400001,1,0,tablet,Chrome,0,17.524145,81.312315
u020,2025-05-01 23:37:00,10.0.0.37,600006,0,1,tablet,Safari,1,12.737841,84.249249
u020,2025-05-01 09:48:00,172.16.0.195,700007,0,1,desktop,Firefox,0,14.308962,87.063031
u005,2025-05-03 12:50:00,192.168.1.151,500003,1,1,desktop,Firefox,0,14.256536,73.623067
u004,2025-05-01 00:36:00,192.168.1.201,800013,0,1,desktop,Safari,1,12.402046,78.969272
u007,2025-05-02 20:54:00,192.168.1.72,500003,0,0,tablet,Safari,0,18.213252,71.248464
u007,2025-05-01 05:42:00,192.168.1.27,800013,1,0,mobile,Chrome,1,20.530804,78.612488
u009,2025-05-01 06:46:00,192.168.1.249,600006,1,0,tablet,Firefox,0,17.768293,78.374492
u004,2025-05-02 19:04:00,80.13.24.162,700007,1,1,tablet,Safari,0,16.408394,80.633166
u019,2025-05-01 18:36:00,154.1.3.161,700007,0,0,mobile,Firefox,0,13.707643,73.456634
u008,2025-05-03 23:41:00,172.16.0.141,600006,0,1,mobile,Opera,1,21.479642,87.976194
u015,2025-05-02 09:31:00,192.168.1.55,500003,0,1,desktop,Firefox,0,16.106402,75.144149
u009,2025-05-03 20:04:00,45.83.92.38,400001,0,1,tablet,Firefox,0,19.083995,77.765949
u002,2025-05-03 08:34:00,192.168.1.241,500003,1,1,desktop,Safari,0,12.27925,72.966899
u005,2025-05-02 16:32:00,10.0.0.203,600006,0,0,tablet,Firefox,0,19.875695,82.519555
u017,2025-05-01 14:10:00,80.13.24.74,700007,1,0,desktop,Opera,0,12.298056,74.217471
u008,2025-05-01 08:23:00,80.13.24.21,500003,1,1,mobile,Opera,0,14.541823,82.765962
u002,2025-05-01 20:20:00,10.0.0.140,600006,0,1,tablet,Opera,0,12.216816,71.978063
u012,2025-05-03 20:57:00,10.0.0.128,700007,0,1,mobile,Safari,0,20.799077,73.392349
u016,2025-05-02 19:00:00,192.168.1.71,700007,0,0,desktop,Safari,0,19.180207,74.525473
u007,2025-05-01 05:10:00,154.1.3.60,500003,1,1,tablet,Chrome,1,13.093855,74.620272
u016,2025-05-03 15:30:00,80.13.24.82,700007,0,0,desktop,Firefox,0,19.944936,86.258233
u019,2025-05-03 05:08:00,45.83.92.20,800013,0,0,desktop,Safari,1,21.132419,77.546487
u006,2025-05-03 12:38:00,192.168.1.9,600006,0,0,mobile,Opera,0,19.348937,73.894702
u016,2025-05-01 07:53:00,172.16.0.73,800013,0,1,desktop,Safari,0,15.224625,87.030381
u015,2025-05-03 18:04:00,80.13.24.193,700007,0,0,desktop,Firefox,0,12.143021,71.624662
u017,2025-05-03 21:26:00,80.13.24.49,500003,1,0,tablet,Chrome,0,14.286749,70.504112
u003,2025-05-02 21:08:00,192.168.1.0,700007,1,1,desktop,Opera,0,13.99579,81.07779
u008,2025-05-02 12:22:00,192.168.1.50,700007,0,1,mobile,Firefox,0,16.63567,86.960763
u003,2025-05-02 19:56:00,192.168.1.209,600006,0,0,tablet,Chrome,0,20.991879,76.49453
u019,2025-05-03 03:33:00,10.0.0.192,500003,1,1,mobile,Chrome,1,14.853658,77.214156
u005,2025-05-02 20:37:00,154.1.3.133,800013,1,1,tablet,Safari,0,18.493244,75.093209
u013,2025-05-01 13:35:00,192.168.1.247,500003,1,1,mobile,Safari,0,18.865638,77.778821
u019,2025-05-02 22:25:00,45.83.92.70,400001,0,1,tablet,Firefox,0,18.072519,78.286404
u004,2025-05-01 16:25:00,154.1.3.26,500003,1,0,desktop,Firefox,0,15.239123,88.020613
u016,2025-05-03 13:05:00,10.0.0.134,500003,1,0,tablet,Chrome,0,20.399664,72.66215
u013,2025-05-02 19:41:00,192.168.1.146,800013,0,0,tablet,Opera,0,21.553148,79.261193
u015,2025-05-01 06:54:00,45.83.92.146,500003,0,0,tablet,Firefox,0,21.840074,85.19725
u002,2025-05-02 07:41:00,10.0.0.80,400001,1,1,mobile,Opera,0,16.677349,70.426917
u013,2025-05-03 06:33:00,10.0.0.35,400001,1,1,mobile,Safari,0,14.955451,80.29105
u008,2025-05-03 06:29:00,172.16.0.2,600006,0,1,tablet,Chrome,0,18.96826,74.899866
u018,2025-05-01 16:18:00,154.1.3.59,800013,1,1,tablet,Opera,0,13.532917,85.863674
u013,2025-05-03 15:49:00,80.13.24.173,700007,1,0,mobile,Chrome,0,22.828424,79.988113
u009,2025-05-01 12:40:00,80.13.24.117,600006,1,1,tablet,Chrome,0,13.888472,75.173839
u009,2025-05-01 09:05:00,172.16.0.175,400001,0,1,mobile,Safari,0,12.202297,87.371677
u007,2025-05-03 08:11:00,45.83.92.97,700007,0,0,tablet,Firefox,0,13.295262,80.953813
u009,2025-05-01 07:12:00,80.13.24.182,500003,0,0,desktop,Opera,0,15.014607,80.529382
u020,2025-05-01 17:02:00,172.16.0.190,800013,1,1,tablet,Safari,0,19.165624,85.765094
u016,2025-05-01 16:17:00,172.16.0.113,800013,0,0,tablet,Opera,0,14.270634,70.208921
u016,2025-05-03 01:32:00,154.1.3.201,500003,1,0,tablet,Opera,1,13.505742,87.100354
u011,2025-05-03 00:00:00,45.83.92.107,700007,0,1,mobile,Safari,1,21.612791,81.350849
u006,2025-05-03 08:15:00,154.1.3.241,800013,1,1,desktop,Opera,0,18.605685,82.635697
u014,2025-05-01 13:44:00,154.1.3.186,700007,1,1,desktop,Firefox,0,13.929084,87.373827
u019,2025-05-03 07:52:00,10.0.0.138,500003,1,1,desktop,Firefox,0,16.606476,77.279632
u005,2025-05-02 00:11:00,172.16.0.255,500003,1,1,mobile,Safari,1,17.708095,70.892353
u018,2025-05-03 01:25:00,10.0.0.83,400001,0,1,mobile,Chrome,1,13.829117,84.022639
u015,2025-05-03 10:16:00,154.1.3.184,800013,1,1,desktop,Opera,0,12.910785,81.45989
u004,2025-05-02 21:38:00,80.13.24.89,600006,1,1,tablet,Opera,0,14.69884,77.396617
u015,2025-05-01 12:39:00,154.1.3.237,500003,0,1,mobile,Opera,0,15.175631,76.757782
u003,2025-05-01 05:21:00,80.13.24.160,600006,1,1,tablet,Opera,1,19.909505,75.645313
u009,2025-05-02 11:47:00,192.168.1.230,700007,0,0,desktop,Firefox,0,18.230451,79.044958
u008,2025-05-03 08:47:00,45.83.92.40,500003,0,1,desktop,Chrome,0,19.300383,87.799765
u003,2025-05-02 17:03:00,10.0.0.203,800013,0,0,mobile,Firefox,0,20.058293,74.083867
u003,2025-05-03 12:19:00,80.13.24.126,600006,1,0,desktop,Firefox,0,12.343014,74.983017
u001,2025-05-01 21:22:00,154.1.3.243,700007,1,1,desktop,Firefox,0,18.545857,70.97709
u019,2025-05-03 14:40:00,45.83.92.222,800013,1,1,mobile,Firefox,0,17.460029,81.340014
u003,2025-05-02 09:23:00,172.16.0.133,500003,1,0,desktop,Firefox,0,15.676683,84.647332
u012,2025-05-02 15:34:00,10.0.0.251,700007,1,0,mobile,Safari,0,13.172581,71.427618
u020,2025-05-01 00:35:00,154.1.3.96,700007,1,1,desktop,Firefox,1,20.010076,79.414335
u013,2025-05-02 07:16:00,10.0.0.216,500003,1,1,tablet,Safari,0,19.572426,78.261719
u014,2025-05-01 02:11:00,80.13.24.148,400001,1,1,mobile,Opera,1,14.710422,85.562944
u007,2025-05-02 00:09:00,10.0.0.11,500003,0,1,mobile,Firefox,1,20.793575,83.199233
u015,2025-05-03 00:14:00,10.0.0.77,400001,1,0,mobile,Opera,1,14.993597,81.214383
u010,2025-05-02 11:29:00,45.83.92.16,600006,0,0,desktop,Safari,0,15.970713,71.740059
u013,2025-05-01 17:30:00,80.13.24.98,600006,1,0,desktop,Firefox,0,22.090449,72.599554
u013,2025-05-02 07:47:00,10.0.0.101,700007,0,0,mobile,Opera,0,22.452611,78.47411
u010,2025-05-02 05:40:00,45.83.92.21,800013,0,1,mobile,Safari,1,14.036462,80.296118
u007,2025-05-02 01:55:00,45.83.92.111,400001,0,1,mobile,Chrome,1,21.602404,83.912273
u006,2025-05-02 18:07:00,172.16.0.124,400001,0,1,tablet,Firefox,0,20.872173,82.516884
u012,2025-05-01 07:10:00,172.16.0.46,800013,1,0,desktop,Safari,0,19.615042,86.134717
u005,2025-05-03 17:50:00,10.0.0.64,700007,0,1,tablet,Safari,0,14.746348,79.299074
u015,2025-05-03 06:01:00,45.83.92.193,600006,0,1,desktop,Opera,0,14.433304,88.765692
u015,2025-05-03 09:34:00,45.83.92.250,500003,0,1,mobile,Opera,0,22.384653,70.749109
u009,2025-05-03 17:10:00,10.0.0.79,700007,1,1,tablet,Safari,0,19.761327,87.579718
u015,2025-05-01 20:32:00,172.16.0.94,400001,1,0,mobile,Chrome,0,13.986329,80.790959
u018,2025-05-02 06:33:00,45.83.92.254,800013,0,1,mobile,Opera,0,22.070371,70.644974
u011,2025-05-01 03:33:00,45.83.92.34,400001,0,0,desktop,Firefox,1,19.671623,75.649631
u004,2025-05-02 06:06:00,10.0.0.198,700007,1,0,mobile,Firefox,0,22.168358,88.450107
u020,2025-05-03 02:00:00,80.13.24.251,400001,1,0,mobile,Opera,1,22.386931,79.01007
u012,2025-05-03 01:52:00,192.168.1.136,800013,0,0,mobile,Chrome,1,21.482469,86.046439
u007,2025-05-03 03:06:00,45.83.92.118,800013,1,0,desktop,Firefox,1,15.510105,85.749394
u019,2025-05-03 05:35:00,45.83.92.212,400001,1,1,tablet,Opera,1,12.407084,81.329128
u004,2025-05-01 05:35:00,172.16.0.172,500003,1,1,mobile,Safari,1,14.530097,72.290771
u012,2025-05-02 20:27:00,45.83.92.165,800013,0,0,mobile,Safari,0,12.846485,83.229487
u012,2025-05-02 14:25:00,10.0.0.17,600006,0,0,mobile,Chrome,0,15.738625,83.770569
u010,2025-05-01 06:54:00,154.1.3.11,600006,0,0,desktop,Opera,0,12.71892,75.990516
u012,2025-05-01 04:16:00,154.1.3.127,500003,1,1,desktop,Opera,1,17.934404,85.02374
u019,2025-05-01 23:04:00,45.83.92.166,700007,0,1,tablet,Chrome,1,15.506278,81.891936
u020,2025-05-03 09:02:00,45.83.92.195,400001,0,1,mobile,Opera,0,21.745755,81.701401
u014,2025-05-01 07:47:00,45.83.92.5,700007,0,1,tablet,Chrome,0,14.562554,70.463615
u011,2025-05-03 18:09:00,154.1.3.113,500003,0,1,mobile,Chrome,0,21.571088,70.404119
u008,2025-05-02 09:50:00,172.16.0.75,500003,1,0,mobile,Chrome,0,21.621718,80.049806
u018,2025-05-02 08:05:00,172.16.0.222,500003,0,1,tablet,Firefox,0,22.329745,85.176881
u016,2025-05-02 20:36:00,80.13.24.126,500003,0,1,mobile,Safari,0,22.977275,76.663524
u019,2025-05-01 03:42:00,172.16.0.216,600006,1,0,mobile,Safari,1,20.439071,77.636687
u020,2025-05-03 00:49:00,154.1.3.86,600006,1,0,mobile,Chrome,1,17.278632,81.922604
u008,2025-05-01 21:23:00,80.13.24.43,400001,0,0,tablet,Firefox,0,21.610448,88.697586
u010,2025-05-01 10:44:00,10.0.0.156,700007,1,0,mobile,Firefox,0,20.451008,77.937569
u018,2025-05-01 06:34:00,192.168.1.132,800013,1,0,tablet,Chrome,0,16.634927,84.014064
u013,2025-05-03 21:33:00,10.0.0.130,500003,0,1,desktop,Safari,0,14.626549,72.099008
u002,2025-05-02 20:00:00,10.0.0.198,600006,1,0,desktop,Safari,0,15.900844,75.457541
u013,2025-05-01 12:32:00,45.83.92.50,600006,1,0,desktop,Firefox,0,15.259389,74.438547
u017,2025-05-02 17:59:00,45.83.92.11,400001,0,1,mobile,Opera,0,12.463025,70.339605
u013,2025-05-03 05:01:00,154.1.3.180,600006,1,0,tablet,Safari,1,22.864946,78.12769
u002,2025-05-03 08:56:00,172.16.0.15,800013,1,0,desktop,Safari,0,16.227593,82.913298
u013,2025-05-03 04:05:00,45.83.92.195,800013,0,1,desktop,Firefox,1,14.400793,88.049262
u014,2025-05-02 19:21:00,172.16.0.67,500003,0,0,desktop,Safari,0,20.649795,71.698809
u017,2025-05-01 13:58:00,80.13.24.80,600006,0,0,desktop,Safari,0,16.593389,86.703248
u005,2025-05-03 00:48:00,154.1.3.211,700007,1,1,tablet,Safari,1,22.392052,78.880629
u005,2025-05-01 03:08:00,80.13.24.13,800013,1,0,tablet,Firefox,1,18.747525,73.173645
u008,2025-05-03 00:22:00,10.0.0.244,500003,1,1,desktop,Opera,1,22.902855,74.401762
u016,2025-05-02 04:10:00,80.13.24.115,400001,1,0,mobile,Opera,1,22.37005,82.343286
u008,2025-05-03 21:12:00,80.13.24.33,500003,1,1,tablet,Safari,0,18.685105,79.741082
u015,2025-05-01 13:25:00,10.0.0.194,600006,1,0,tablet,Chrome,0,14.537368,73.354033
u015,2025-05-02 01:56:00,80.13.24.202,400001,1,0,desktop,Safari,1,14.425348,73.542327
u015,2025-05-02 09:49:00,154.1.3.236,500003,1,1,tablet,Chrome,0,20.575429,76.65238
u017,2025-05-01 14:53:00,45.83.92.231,400001,0,0,tablet,Firefox,0,12.636269,88.41295
u013,2025-05-02 10:28:00,10.0.0.91,700007,0,1,desktop,Safari,0,21.721645,87.627293
u011,2025-05-03 20:58:00,45.83.92.83,400001,0,0,tablet,Opera,0,22.943986,73.30401
u012,2025-05-01 16:45:00,172.16.0.81,700007,1,0,desktop,Safari,0,16.358662,84.406531
u019,2025-05-03 04:10:00,80.13.24.91,400001,1,1,mobile,Opera,1,19.656227,72.924022
u010,2025-05-03 05:07:00,80.13.24.103,400001,1,0,mobile,Opera,1,20.974164,74.264371
u016,2025-05-03 00:38:00,172.16.0.121,500003,1,1,mobile,Opera,1,14.461994,80.202514
u003,2025-05-03 19:00:00,80.13.24.142,800013,0,0,desktop,Firefox,0,18.522339,81.021638
u002,2025-05-03 11:02:00,80.13.24.16,800013,1,1,desktop,Chrome,0,13.006355,86.671756
u004,2025-05-02 05:10:00,45.83.92.145,800013,0,1,tablet,Safari,1,14.9216,72.460784
u002,2025-05-01 09:20:00,154.1.3.194,400001,1,0,mobile,Opera,0,21.776229,88.157378
u005,2025-05-01 22:55:00,154.1.3.168,800013,1,0,tablet,Firefox,0,21.483404,85.380805
u020,2025-05-01 03:36:00,45.83.92.44,700007,1,1,tablet,Safari,1,19.207662,80.46629
u009,2025-05-03 18:39:00,154.1.3.66,800013,1,1,mobile,Firefox,0,12.956854,77.760611
u020,2025-05-01 22:18:00,80.13.24.0,400001,0,1,tablet,Chrome,0,16.099574,74.935322
u007,2025-05-03 13:26:00,10.0.0.170,600006,0,0,tablet,Firefox,0,19.957621,79.421639
u010,2025-05-02 02:19:00,154.1.3.165,400001,0,1,mobile,Opera,1,12.891508,74.183481
u019,2025-05-03 00:53:00,80.13.24.99,600006,1,1,mobile,Chrome,1,19.515846,71.446486
u005,2025-05-02 04:40:00,172.16.0.171,700007,1,0,tablet,Safari,1,21.363276,79.407784
u019,2025-05-03 21:20:00,192.168.1.9,500003,1,1,desktop,Firefox,0,17.286452,81.255748
u009,2025-05-01 10:24:00,45.83.92.84,800013,1,0,tablet,Chrome,0,21.071491,76.608375
u010,2025-05-03 10:45:00,10.0.0.139,700007,0,1,desktop,Safari,0,19.458178,80.748907
u015,2025-05-02 06:33:00,154.1.3.89,400001,1,0,desktop,Chrome,0,14.937311,86.69397
u015,2025-05-03 00:51:00,172.16.0.78,500003,1,1,tablet,Safari,1,20.771686,82.510585
u011,2025-05-01 03:52:00,192.168.1.67,500003,0,1,mobile,Chrome,1,21.356399,86.47859
u001,2025-05-02 01:43:00,192.168.1.44,600006,1,0,desktop,Safari,1,19.791993,85.903253
u001,2025-05-03 09:40:00,80.13.24.164,500003,0,1,mobile,Safari,0,19.672186,82.922675
u015,2025-05-03 03:17:00,80.13.24.80,600006,0,0,tablet,Chrome,1,18.804725,84.301616
u007,2025-05-03 11:35:00,154.1.3.138,500003,1,0,desktop,Chrome,0,13.744656,86.736544
u010,2025-05-03 10:34:00,172.16.0.25,500003,0,1,tablet,Chrome,0,21.590279,70.555698
u004,2025-05-02 01:05:00,172.16.0.200,500003,1,1,mobile,Safari,1,21.083984,72.448527
u007,2025-05-03 21:51:00,192.168.1.40,700007,0,0,tablet,Opera,0,15.686307,84.126657
u004,2025-05-02 09:43:00,45.83.92.238,700007,0,0,desktop,Safari,0,13.768359,85.541373
u012,2025-05-02 05:44:00,45.83.92.169,600006,1,1,desktop,Chrome,1,21.153476,79.641887
u016,2025-05-01 11:30:00,172.16.0.87,600006,1,0,tablet,Chrome,0,12.070245,75.453725
u013,2025-05-03 03:20:00,192.168.1.36,600006,1,1,tablet,Opera,1,18.786196,88.642537
u008,2025-05-03 07:35:00,80.13.24.246,700007,0,1,desktop,Opera,0,18.949949,74.936268
u014,2025-05-03 10:34:00,45.83.92.120,500003,0,1,desktop,Opera,0,18.974063,80.259722
u011,2025-05-03 03:52:00,172.16.0.90,600006,1,0,tablet,Chrome,1,20.578299,72.032632
u020,2025-05-02 10:31:00,45.83.92.31,400001,0,0,tablet,Chrome,0,20.371307,80.284065
u005,2025-05-03 04:28:00,192.168.1.149,700007,1,0,desktop,Safari,1,22.592912,76.495571
u010,2025-05-03 21:19:00,172.16.0.176,400001,0,1,desktop,Safari,0,18.958841,87.708534
u002,2025-05-02 17:03:00,10.0.0.183,400001,1,0,desktop,Opera,0,13.127607,87.807341
u019,2025-05-02 20:20:00,45.83.92.195,700007,1,1,tablet,Firefox,0,19.566743,71.288904
u006,2025-05-02 04:12:00,192.168.1.196,600006,1,0,mobile,Firefox,1,15.310599,83.45527
u005,2025-05-01 02:41:00,10.0.0.73,700007,1,0,desktop,Firefox,1,12.740857,81.061239
u014,2025-05-02 22:38:00,172.16.0.92,700007,1,1,mobile,Safari,0,15.804714,81.797395
u008,2025-05-01 13:38:00,10.0.0.255,500003,1,1,tablet,Safari,0,12.503162,86.559199
u002,2025-05-01 18:30:00,45.83.92.188,400001,1,0,desktop,Safari,0,22.708379,88.408679
u015,2025-05-03 02:33:00,192.168.1.45,500003,1,0,tablet,Safari,1,20.24617,72.471639
u020,2025-05-01 10:34:00,10.0.0.240,700007,1,1,mobile,Safari,0,20.340895,70.467151
u010,2025-05-02 05:02:00,45.83.92.155,800013,1,0,tablet,Opera,1,12.243359,76.148594
u019,2025-05-01 18:03:00,45.83.92.149,800013,0,1,mobile,Chrome,0,17.375075,84.637741
u005,2025-05-03 02:54:00,154.1.3.129,500003,1,1,mobile,Chrome,1,19.516249,78.472151
u004,2025-05-03 05:58:00,192.168.1.77,700007,1,0,mobile,Firefox,1,15.009893,88.945366
u016,2025-05-01 16:55:00,10.0.0.175,400001,0,0,mobile,Opera,0,16.687994,78.576353
u013,2025-05-01 21:28:00,45.83.92.85,500003,1,0,tablet,Safari,0,13.799862,85.101381
u004,2025-05-01 05:29:00,172.16.0.243,600006,1,0,mobile,Opera,1,19.630504,74.194623
u016,2025-05-02 04:33:00,172.16.0.6,600006,1,1,tablet,Safari,1,12.906192,82.929487
u017,2025-05-03 01:06:00,192.168.1.181,700007,1,1,mobile,Safari,1,19.199623,75.191931
u004,2025-05-02 20:37:00,172.16.0.236,500003,0,1,tablet,Firefox,0,22.459499,72.8701
u011,2025-05-03 00:43:00,10.0.0.34,400001,1,0,tablet,Chrome,1,16.755683,87.928702
u015,2025-05-02 07:46:00,154.1.3.128,500003,0,0,tablet,Chrome,0,16.617,82.131993
u002,2025-05-03 21:57:00,80.13.24.62,400001,0,0,mobile,Firefox,0,16.373538,75.210089
u004,2025-05-03 05:16:00,154.1.3.239,400001,1,1,mobile,Safari,1,22.823754,77.777346
u009,2025-05-01 02:17:00,10.0.0.195,700007,1,0,mobile,Safari,1,21.835091,74.369138
u006,2025-05-02 02:31:00,80.13.24.201,500003,1,0,desktop,Opera,1,14.344152,70.591548
u007,2025-05-03 20:06:00,172.16.0.132,400001,0,0,desktop,Safari,0,19.168335,77.002001
u015,2025-05-01 15:09:00,45.83.92.0,400001,1,1,desktop,Safari,0,21.507941,78.990988
u013,2025-05-03 00:32:00,45.83.92.251,700007,1,1,tablet,Chrome,1,22.650128,73.524985
u018,2025-05-01 00:24:00,45.83.92.246,400001,1,1,tablet,Safari,1,21.554855,84.75534
u013,2025-05-01 20:41:00,10.0.0.187,800013,1,0,mobile,Safari,0,20.48014,86.050881
u007,2025-05-01 17:02:00,172.16.0.97,600006,1,0,tablet,Safari,0,20.371264,81.898186
u016,2025-05-01 20:28:00,45.83.92.97,500003,0,0,desktop,Firefox,0,13.443694,70.617997
u016,2025-05-02 02:50:00,192.168.1.157,700007,1,0,desktop,Safari,1,22.129326,81.716356
u002,2025-05-02 23:02:00,172.16.0.60,500003,1,0,tablet,Firefox,1,20.76191,79.148925
u003,2025-05-01 23:09:00,172.16.0.9,700007,0,0,tablet,Firefox,1,13.29039,72.37853
u001,2025-05-01 20:03:00,154.1.3.49,700007,0,0,desktop,Chrome,0,19.541218,78.175812
u016,2025-05-03 19:14:00,10.0.0.103,700007,1,1,mobile,Chrome,0,14.205772,79.340296
u019,2025-05-03 04:20:00,80.13.24.23,800013,0,1,desktop,Chrome,1,12.706298,81.057457
u009,2025-05-01 13:10:00,45.83.92.189,800013,0,1,desktop,Chrome,0,14.958927,85.153623
u005,2025-05-01 20:39:00,172.16.0.80,400001,1,0,desktop,Chrome,0,15.413982,78.649183
u006,2025-05-01 22:41:00,192.168.1.145,700007,1,0,desktop,Firefox,0,12.127826,71.376491
u009,2025-05-03 14:26:00,80.13.24.89,800013,0,0,tablet,Opera,0,16.317429,79.118838
u020,2025-05-01 20:52:00,154.1.3.178,700007,0,0,desktop,Chrome,0,18.600226,75.541589
u017,2025-05-01 19:23:00,192.168.1.112,700007,0,1,desktop,Firefox,0,19.644801,86.342326
u004,2025-05-01 21:54:00,172.16.0.254,500003,0,0,desktop,Safari,0,20.578361,70.752758
u010,2025-05-01 13:16:00,154.1.3.232,400001,0,0,tablet,Firefox,0,17.285576,71.993673
u006,2025-05-01 15:32:00,10.0.0.36,500003,1,1,mobile,Firefox,0,14.662495,88.746589
u011,2025-05-01 03:20:00,80.13.24.50,500003,1,0,mobile,Firefox,1,13.567451,79.478875
u003,2025-05-02 18:31:00,10.0.0.223,500003,0,1,desktop,Opera,0,18.799713,83.346834
u012,2025-05-01 14:46:00,80.13.24.183,600006,0,1,desktop,Chrome,0,18.156136,70.185646
u019,2025-05-01 08:08:00,10.0.0.238,700007,1,0,mobile,Firefox,0,15.591074,79.836521
u010,2025-05-03 05:50:00,45.83.92.87,800013,0,0,mobile,Opera,1,12.966531,76.661912
u007,2025-05-03 15:53:00,172.16.0.142,400001,1,0,desktop,Safari,0,12.365234,71.492991
u014,2025-05-03 07:57:00,192.168.1.76,800013,0,1,desktop,Chrome,0,16.366156,72.521599
u016,2025-05-03 16:02:00,172.16.0.201,700007,0,1,mobile,Firefox,0,18.242949,83.099834
u003,2025-05-03 00:44:00,45.83.92.208,500003,0,1,mobile,Firefox,1,20.806454,73.802855
u003,2025-05-01 15:42:00,154.1.3.82,700007,0,1,mobile,Firefox,0,13.842308,71.986789
u013,2025-05-01 11:40:00,172.16.0.0,400001,1,1,tablet,Chrome,0,19.000733,83.423039
u010,2025-05-02 08:44:00,192.168.1.106,400001,1,0,tablet,Safari,0,12.347448,87.788033
u002,2025-05-01 12:23:00,172.16.0.20,600006,1,0,tablet,Chrome,0,12.571684,80.28463
u018,2025-05-03 06:08:00,154.1.3.122,800013,0,1,tablet,Firefox,0,19.799666,86.548413
u008,2025-05-02 11:57:00,154.1.3.216,600006,0,0,mobile,Safari,0,19.854956,85.232834
u015,2025-05-02 16:33:00,10.0.0.240,800013,1,1,tablet,Safari,0,15.733952,85.481677
u003,2025-05-01 14:05:00,10.0.0.200,500003,1,0,desktop,Firefox,0,12.881263,87.001516
u009,2025-05-01 22:09:00,172.16.0.77,500003,0,1,mobile,Firefox,0,18.023516,85.528658
u016,2025-05-02 13:28:00,45.83.92.10,600006,0,0,desktop,Firefox,0,16.975501,82.227976
u017,2025-05-03 10:26:00,192.168.1.175,600006,1,1,mobile,Safari,0,17.790429,83.900201
u019,2025-05-01 09:10:00,154.1.3.116,700007,1,1,desktop,Firefox,0,12.89793,71.14669
u012,2025-05-02 14:10:00,192.168.1.82,800013,1,0,desktop,Firefox,0,14.718136,73.031349
u006,2025-05-01 03:02:00,154.1.3.64,700007,1,1,desktop,Firefox,1,21.589619,74.165066
u018,2025-05-03 01:42:00,154.1.3.176,500003,1,1,tablet,Firefox,1,22.734518,76.40102
u018,2025-05-02 03:58:00,10.0.0.207,700007,0,1,mobile,Firefox,1,14.003297,85.004272
u001,2025-05-03 17:32:00,154.1.3.151,700007,1,0,tablet,Opera,0,19.245786,79.465719
u011,2025-05-03 03:46:00,172.16.0.20,500003,0,1,desktop,Opera,1,18.108999,83.664834
u020,2025-05-01 14:22:00,10.0.0.167,400001,0,0,mobile,Firefox,0,14.513002,88.930344
u001,2025-05-01 17:54:00,172.16.0.44,800013,1,0,mobile,Safari,0,22.722725,82.356188
u020,2025-05-03 16:03:00,45.83.92.184,700007,0,1,mobile,Opera,0,14.194967,82.924337
u012,2025-05-01 09:22:00,154.1.3.157,700007,0,0,tablet,Opera,0,12.794182,70.582398
u014,2025-05-02 09:10:00,45.83.92.217,700007,0,0,desktop,Firefox,0,14.834512,78.789836
u010,2025-05-02 16:21:00,10.0.0.192,400001,0,1,tablet,Safari,0,21.550998,83.816212
u014,2025-05-01 17:29:00,45.83.92.70,500003,0,1,mobile,Opera,0,20.169772,78.084373
u002,2025-05-02 18:19:00,172.16.0.237,500003,0,0,desktop,Safari,0,15.805285,77.049736
u010,2025-05-03 20:30:00,10.0.0.147,700007,0,1,tablet,Firefox,0,22.864145,70.762075
u001,2025-05-01 08:31:00,10.0.0.185,800013,1,1,mobile,Opera,0,21.537346,80.994833
u004,2025-05-02 16:46:00,192.168.1.8,600006,0,0,desktop,Safari,0,16.82477,83.779896
u015,2025-05-03 04:22:00,80.13.24.27,600006,1,1,tablet,Safari,1,17.353358,86.595042
u002,2025-05-02 09:33:00,45.83.92.39,800013,0,0,desktop,Firefox,0,21.907721,78.012698
u018,2025-05-02 10:52:00,45.83.92.154,600006,1,0,tablet,Safari,0,15.045106,81.254656
u005,2025-05-01 04:33:00,154.1.3.190,700007,1,1,desktop,Chrome,1,22.035997,74.002582
u007,2025-05-01 16:14:00,80.13.24.58,700007,1,0,desktop,Firefox,0,18.852632,81.999644
u001,2025-05-02 11:19:00,45.83.92.185,500003,1,1,desktop,Safari,0,20.064243,72.499786
u001,2025-05-03 03:14:00,80.13.24.72,500003,1,0,desktop,Firefox,1,19.874075,87.271618
u003,2025-05-02 22:48:00,10.0.0.39,400001,1,1,desktop,Firefox,0,13.976514,74.513323
u004,2025-05-01 21:32:00,192.168.1.30,700007,0,1,desktop,Chrome,0,22.685346,73.438562
u010,2025-05-03 00:48:00,10.0.0.63,800013,0,0,desktop,Safari,1,21.398236,79.353279
u001,2025-05-01 04:54:00,45.83.92.142,800013,1,1,desktop,Firefox,1,14.719542,86.544248
u017,2025-05-03 02:06:00,192.168.1.7,800013,0,0,mobile,Firefox,1,16.898358,79.78153
u018,2025-05-01 23:06:00,80.13.24.243,600006,0,1,tablet,Chrome,1,15.951567,81.266066
u006,2025-05-02 12:27:00,80.13.24.116,700007,0,1,desktop,Opera,0,13.798763,77.430549
u004,2025-05-03 04:31:00,154.1.3.147,800013,0,0,mobile,Opera,1,22.663536,74.904535
u004,2025-05-02 09:29:00,192.168.1.159,700007,0,1,mobile,Opera,0,19.224103,76.178611
u007,2025-05-01 15:43:00,154.1.3.91,400001,1,0,mobile,Opera,0,20.508204,72.4866
u017,2025-05-03 21:05:00,10.0.0.73,700007,1,0,tablet,Firefox,0,22.668031,78.622001
u003,2025-05-02 06:21:00,80.13.24.206,400001,0,1,tablet,Opera,0,14.596555,71.396438
u009,2025-05-03 18:37:00,154.1.3.204,600006,1,1,mobile,Safari,0,13.867337,79.875705
u005,2025-05-02 03:07:00,154.1.3.250,700007,0,0,desktop,Chrome,1,15.707035,85.748784
u002,2025-05-01 15:43:00,10.0.0.91,700007,1,0,mobile,Chrome,0,16.739763,74.725571
u003,2025-05-03 16:49:00,172.16.0.238,500003,1,1,mobile,Safari,0,18.788595,83.428767
u018,2025-05-02 17:34:00,10.0.0.16,700007,0,1,mobile,Safari,0,13.837461,73.184765
u013,2025-05-02 14:02:00,10.0.0.90,800013,1,0,mobile,Opera,0,12.403386,83.991638
u005,2025-05-02 22:24:00,172.16.0.56,800013,1,1,mobile,Firefox,0,19.30185,79.017987
u017,2025-05-01 12:16:00,172.16.0.193,800013,1,1,mobile,Chrome,0,21.285875,85.307733
u001,2025-05-03 01:08:00,154.1.3.178,800013,0,1,mobile,Chrome,1,18.438898,86.497154
u014,2025-05-02 11:26:00,154.1.3.28,500003,0,0,tablet,Safari,0,14.264253,72.126473
u019,2025-05-01 22:04:00,154.1.3.58,600006,0,0,tablet,Safari,0,14.967246,71.08465
u002,2025-05-02 21:55:00,172.16.0.215,600006,0,1,tablet,Chrome,0,17.842865,87.795508
u011,2025-05-02 18:24:00,154.1.3.50,700007,0,0,mobile,Opera,0,12.432779,72.320088
u017,2025-05-03 10:10:00,192.168.1.153,600006,1,0,mobile,Chrome,0,16.974189,87.743625
u018,2025-05-01 09:16:00,10.0.0.152,800013,1,0,tablet,Chrome,0,15.477717,79.637461
u019,2025-05-01 18:21:00,154.1.3.34,800013,1,1,desktop,Safari,0,12.457301,72.818521
u003,2025-05-03 09:32:00,154.1.3.221,800013,1,0,mobile,Opera,0,22.852931,88.337255
u009,2025-05-03 16:29:00,45.83.92.92,400001,0,1,desktop,Opera,0,12.05434,88.084424
u009,2025-05-03 17:51:00,192.168.1.222,800013,0,0,mobile,Opera,0,19.030319,86.490448
u005,2025-05-01 04:47:00,45.83.92.153,700007,1,1,desktop,Firefox,1,17.002138,79.796325
u014,2025-05-02 09:41:00,80.13.24.131,800013,0,1,desktop,Chrome,0,17.377312,82.670421
u005,2025-05-01 00:15:00,154.1.3.237,700007,1,1,tablet,Chrome,1,13.536164,70.569498
u007,2025-05-01 08:08:00,10.0.0.132,600006,0,0,tablet,Opera,0,15.387229,83.388934
u001,2025-05-01 02:20:00,192.168.1.152,400001,1,1,tablet,Chrome,1,14.220388,82.795216
u013,2025-05-03 04:15:00,10.0.0.61,800013,1,1,desktop,Firefox,1,22.669033,71.784114
u020,2025-05-01 10:21:00,192.168.1.199,500003,1,0,desktop,Chrome,0,19.398623,78.431254
u006,2025-05-01 08:28:00,172.16.0.130,800013,0,1,tablet,Safari,0,21.549565,73.365846
u004,2025-05-02 17:27:00,172.16.0.126,600006,0,1,mobile,Safari,0,19.618885,85.924191
u010,2025-05-01 20:57:00,192.168.1.17,400001,0,1,tablet,Opera,0,22.390756,82.981713
u010,2025-05-03 22:23:00,45.83.92.62,800013,0,1,mobile,Chrome,0,17.468922,81.739098
u013,2025-05-02 09:05:00,80.13.24.152,500003,0,1,tablet,Safari,0,21.557955,80.841585
u014,2025-05-01 08:55:00,10.0.0.251,700007,1,1,tablet,Opera,0,12.334258,87.688025
u004,2025-05-01 22:16:00,192.168.1.33,600006,1,1,mobile,Chrome,0,19.584794,82.853754
u002,2025-05-03 20:11:00,45.83.92.227,500003,0,1,desktop,Safari,0,14.372427,82.518824
u011,2025-05-03 02:07:00,80.13.24.127,800013,0,1,mobile,Opera,1,16.332508,82.373427
u016,2025-05-03 04:16:00,80.13.24.167,600006,0,0,mobile,Safari,1,13.172523,82.499061
u006,2025-05-02 12:53:00,192.168.1.114,400001,0,0,desktop,Opera,0,22.993551,70.916029
u007,2025-05-02 22:54:00,80.13.24.25,700007,1,1,desktop,Chrome,0,22.748916,77.731251
u012,2025-05-01 18:07:00,10.0.0.222,700007,1,0,desktop,Firefox,0,21.578288,84.865324
u007,2025-05-02 09:47:00,172.16.0.195,500003,1,0,tablet,Firefox,0,18.237179,84.030535
u010,2025-05-03 21:12:00,172.16.0.92,700007,0,0,mobile,Safari,0,21.663671,77.678666
u008,2025-05-03 14:58:00,80.13.24.189,800013,1,0,desktop,Opera,0,15.597365,82.684274
u005,2025-05-02 22:25:00,45.83.92.108,700007,1,1,desktop,Chrome,0,20.886305,84.483418
u018,2025-05-01 01:21:00,80.13.24.241,600006,0,0,mobile,Opera,1,20.77595,78.276083
u010,2025-05-02 21:23:00,80.13.24.21,800013,0,1,desktop,Opera,0,20.996176,72.283972
u011,2025-05-02 04:05:00,154.1.3.221,500003,1,0,mobile,Chrome,1,17.98938,70.109415
u005,2025-05-02 08:47:00,154.1.3.220,600006,1,1,tablet,Safari,0,15.570444,76.962769
u014,2025-05-01 10:47:00,172.16.0.77,800013,1,0,desktop,Firefox,0,16.3579,83.213877
u002,2025-05-01 05:02:00,172.16.0.133,500003,1,1,desktop,Opera,1,16.274139,78.525179
u002,2025-05-02 11:45:00,192.168.1.248,700007,1,0,tablet,Firefox,0,14.612985,77.091784
u004,2025-05-02 02:13:00,154.1.3.92,500003,1,0,tablet,Chrome,1,14.499966,71.390723
u017,2025-05-03 05:26:00,10.0.0.126,700007,0,1,desktop,Safari,1,18.637935,82.696043
u004,2025-05-02 11:37:00,10.0.0.165,500003,0,0,mobile,Opera,0,18.814394,78.806387
u015,2025-05-03 08:38:00,45.83.92.2,600006,0,1,mobile,Firefox,0,16.177644,86.403339
u007,2025-05-01 20:18:00,154.1.3.28,400001,1,0,mobile,Safari,0,17.7099,79.104456
u006,2025-05-01 12:05:00,10.0.0.106,500003,1,1,mobile,Firefox,0,12.282063,76.483709
u004,2025-05-02 15:51:00,172.16.0.158,800013,0,1,tablet,Chrome,0,16.182152,77.577633
u012,2025-05-03 06:31:00,172.16.0.198,700007,1,1,desktop,Opera,0,18.381896,80.138448
u012,2025-05-03 05:27:00,45.83.92.218,400001,0,1,mobile,Firefox,1,18.686956,84.532782
u005,2025-05-02 16:40:00,45.83.92.42,600006,1,1,desktop,Opera,0,20.942843,83.644338
u010,2025-05-01 04:43:00,154.1.3.127,800013,1,1,tablet,Chrome,1,22.510761,70.346419
u018,2025-05-01 01:32:00,10.0.0.217,700007,0,1,tablet,Safari,1,14.153558,70.143695
u012,2025-05-02 18:05:00,192.168.1.8,400001,1,0,desktop,Opera,0,19.122222,87.06258
u002,2025-05-01 13:56:00,45.83.92.152,600006,1,1,tablet,Safari,0,14.678305,87.613656
u011,2025-05-01 06:11:00,10.0.0.132,400001,1,0,desktop,Opera,0,12.662941,87.754285
u004,2025-05-01 05:41:00,172.16.0.235,700007,1,1,tablet,Safari,1,15.86785,71.926996
u013,2025-05-02 02:08:00,80.13.24.7,500003,0,0,tablet,Firefox,1,17.344589,74.878755
u001,2025-05-01 15:41:00,80.13.24.123,700007,0,0,mobile,Opera,0,15.133602,75.838509
u005,2025-05-02 13:01:00,10.0.0.85,500003,1,1,mobile,Chrome,0,20.833285,80.244064
u015,2025-05-03 07:12:00,154.1.3.200,400001,1,0,desktop,Opera,0,15.424385,81.596342
u014,2025-05-02 23:37:00,192.168.1.148,400001,1,1,mobile,Opera,1,19.877657,75.179856
u008,2025-05-03 01:33:00,10.0.0.216,800013,1,0,mobile,Opera,1,16.54904,72.315836
u016,2025-05-01 15:39:00,45.83.92.177,700007,1,0,desktop,Safari,0,13.992643,82.941239
u007,2025-05-02 11:28:00,80.13.24.112,800013,1,1,desktop,Safari,0,13.995822,79.978104
u013,2025-05-02 21:41:00,45.83.92.184,700007,0,0,mobile,Chrome,0,19.799509,72.030662
u016,2025-05-01 05:12:00,80.13.24.251,400001,1,1,mobile,Firefox,1,18.240434,74.874693
u007,2025-05-03 01:01:00,154.1.3.133,600006,0,0,tablet,Chrome,1,22.592196,79.187367
u003,2025-05-02 13:07:00,192.168.1.116,400001,0,1,mobile,Safari,0,20.865918,80.454304
u012,2025-05-01 17:17:00,80.13.24.53,400001,1,1,desktop,Chrome,0,12.477538,82.029876
u020,2025-05-03 03:52:00,192.168.1.21,800013,0,0,tablet,Chrome,1,22.465437,81.430625
u007,2025-05-02 05:46:00,154.1.3.226,800013,1,0,desktop,Safari,1,21.011077,86.799923
u011,2025-05-01 03:54:00,80.13.24.224,700007,0,0,mobile,Safari,1,14.508877,74.028852
u010,2025-05-03 05:05:00,154.1.3.190,700007,1,0,desktop,Opera,1,18.720791,77.809541
u008,2025-05-01 13:26:00,172.16.0.234,800013,1,0,mobile,Firefox,0,21.238474,87.100439
u001,2025-05-03 16:04:00,10.0.0.173,600006,1,0,mobile,Chrome,0,15.887635,74.500541
u013,2025-05-01 21:59:00,45.83.92.77,800013,0,1,mobile,Opera,0,20.585781,75.221315
u018,2025-05-02 23:47:00,154.1.3.176,400001,1,0,tablet,Opera,1,21.048758,78.051027
u015,2025-05-03 06:56:00,192.168.1.226,600006,1,0,mobile,Chrome,0,19.343049,71.815171
u002,2025-05-03 10:24:00,45.83.92.64,800013,1,0,desktop,Safari,0,18.862453,78.583586
u017,2025-05-02 20:10:00,10.0.0.14,800013,1,0,mobile,Opera,0,18.452693,73.19227
u017,2025-05-01 23:03:00,154.1.3.132,800013,1,0,desktop,Chrome,1,20.105611,86.393144
u015,2025-05-02 18:47:00,10.0.0.232,600006,0,0,mobile,Safari,0,14.384138,71.818577
u010,2025-05-03 22:36:00,45.83.92.71,700007,0,0,mobile,Firefox,0,12.260024,82.197459
u012,2025-05-02 03:09:00,45.83.92.217,700007,0,0,desktop,Opera,1,18.678034,80.387251
u005,2025-05-02 06:28:00,10.0.0.189,800013,1,1,mobile,Opera,0,14.551418,77.427214
u014,2025-05-02 22:59:00,172.16.0.213,500003,0,0,mobile,Opera,0,18.53924,79.43857
u005,2025-05-03 16:55:00,192.168.1.60,500003,1,1,desktop,Firefox,0,22.865641,72.592355
u018,2025-05-02 03:38:00,172.16.0.56,400001,1,1,desktop,Firefox,1,19.64659,77.682057
u004,2025-05-02 09:23:00,154.1.3.150,700007,0,0,desktop,Opera,0,16.710196,83.634358
u002,2025-05-02 09:13:00,80.13.24.250,400001,0,1,desktop,Chrome,0,19.616798,88.833864
u014,2025-05-02 18:19:00,192.168.1.231,600006,1,1,tablet,Firefox,0,13.412337,71.978083
u005,2025-05-03 20:29:00,172.16.0.229,500003,1,0,tablet,Opera,0,19.967727,80.989351
u013,2025-05-01 12:21:00,192.168.1.23,700007,1,0,desktop,Chrome,0,15.015767,71.508968
u019,2025-05-03 22:19:00,192.168.1.63,800013,0,0,tablet,Chrome,0,12.942241,86.989627
u019,2025-05-03 06:48:00,172.16.0.9,400001,0,0,mobile,Firefox,0,14.110541,76.14406
u008,2025-05-03 18:28:00,10.0.0.164,700007,0,1,desktop,Safari,0,14.49322,76.74493
u014,2025-05-01 13:01:00,192.168.1.162,700007,1,0,desktop,Chrome,0,12.763662,79.862136
u018,2025-05-01 09:09:00,80.13.24.130,400001,0,1,mobile,Firefox,0,12.743738,85.206774
u002,2025-05-03 10:11:00,10.0.0.29,600006,1,0,mobile,Firefox,0,14.570833,80.260226
u014,2025-05-02 08:24:00,10.0.0.26,500003,0,0,mobile,Opera,0,21.68087,82.36667
u004,2025-05-02 01:20:00,172.16.0.208,400001,1,0,mobile,Firefox,1,17.862536,76.162341
u001,2025-05-02 17:37:00,45.83.92.51,500003,0,1,tablet,Opera,0,15.663021,82.720252
u015,2025-05-01 20:32:00,80.13.24.72,600006,0,0,tablet,Opera,0,22.935533,82.574945
u018,2025-05-02 01:00:00,172.16.0.148,500003,0,0,mobile,Safari,1,18.135618,83.88236
u020,2025-05-02 21:24:00,154.1.3.108,800013,1,0,desktop,Chrome,0,17.117262,71.142705
u010,2025-05-01 12:44:00,10.0.0.71,800013,1,1,desktop,Safari,0,18.185265,88.19488
u011,2025-05-03 08:48:00,45.83.92.231,600006,0,1,mobile,Firefox,0,13.928332,83.110093
u015,2025-05-03 10:01:00,45.83.92.68,400001,1,0,desktop,Firefox,0,14.210271,80.180726
u014,2025-05-03 22:45:00,172.16.0.201,800013,0,0,tablet,Chrome,0,13.063441,78.557048
u015,2025-05-03 03:22:00,172.16.0.183,700007,0,0,desktop,Opera,1,20.317797,76.603859
u012,2025-05-01 14:00:00,80.13.24.10,600006,1,0,desktop,Safari,0,19.314029,85.113549
u008,2025-05-01 15:23:00,10.0.0.143,700007,0,0,desktop,Opera,0,22.198956,74.4582
u004,2025-05-02 18:32:00,172.16.0.87,800013,0,0,desktop,Firefox,0,16.392475,72.895904
u003,2025-05-01 08:59:00,192.168.1.116,800013,1,0,tablet,Chrome,0,22.917319,87.613018
u018,2025-05-03 08:43:00,192.168.1.232,400001,1,0,mobile,Opera,0,17.939528,85.998633
u014,2025-05-02 03:43:00,192.168.1.238,700007,1,0,tablet,Firefox,1,17.730538,81.848128
u002,2025-05-02 13:34:00,172.16.0.161,400001,1,0,mobile,Chrome,0,12.980369,84.350138
u019,2025-05-01 23:14:00,45.83.92.216,400001,0,0,desktop,Safari,1,13.404848,85.695285
u010,2025-05-01 20:40:00,10.0.0.14,700007,1,0,tablet,Safari,0,20.602309,83.466149
u009,2025-05-01 03:30:00,80.13.24.174,400001,1,0,desktop,Opera,1,12.397764,75.759439
u004,2025-05-03 14:37:00,10.0.0.43,400001,0,1,mobile,Chrome,0,14.894238,76.842592
u005,2025-05-01 14:03:00,154.1.3.221,400001,0,0,tablet,Chrome,0,12.96407,87.802199
u010,2025-05-02 12:06:00,192.168.1.210,500003,0,1,mobile,Opera,0,18.091825,75.804962
u014,2025-05-03 19:06:00,154.1.3.13,700007,1,0,desktop,Chrome,0,16.366797,78.496848
u001,2025-05-03 22:04:00,192.168.1.99,800013,0,1,mobile,Opera,0,18.606538,79.797909
u016,2025-05-03 19:28:00,80.13.24.124,500003,0,0,desktop,Safari,0,22.113312,79.442306
u019,2025-05-02 16:41:00,154.1.3.159,800013,0,0,mobile,Safari,0,22.913738,86.177074
u020,2025-05-02 09:23:00,10.0.0.74,400001,0,0,mobile,Safari,0,14.293616,87.681309
u007,2025-05-01 20:58:00,80.13.24.35,600006,0,1,tablet,Opera,0,13.28003,85.531544
u020,2025-05-03 10:54:00,192.168.1.171,800013,1,1,mobile,Firefox,0,16.186856,86.681512
u004,2025-05-02 01:31:00,80.13.24.1,500003,0,1,tablet,Firefox,1,21.548624,85.312583
u008,2025-05-02 23:49:00,154.1.3.192,500003,1,0,desktop,Safari,1,20.690335,75.788904
u001,2025-05-01 11:01:00,192.168.1.58,500003,1,1,desktop,Safari,0,12.890112,77.656623
u002,2025-05-01 06:12:00,154.1.3.89,500003,1,0,mobile,Firefox,0,13.90877,83.204071
u006,2025-05-01 00:11:00,154.1.3.51,400001,0,1,tablet,Chrome,1,15.807097,88.536594
u011,2025-05-01 09:29:00,80.13.24.189,600006,0,1,tablet,Chrome,0,19.050693,85.627131
u004,2025-05-01 04:50:00,80.13.24.98,800013,1,1,mobile,Opera,1,13.457771,86.378275
u008,2025-05-01 19:37:00,80.13.24.150,500003,1,0,desktop,Safari,0,22.150329,79.254176
u005,2025-05-03 18:56:00,172.16.0.107,400001,1,0,desktop,Opera,0,18.668782,84.531386
u017,2025-05-02 15:33:00,172.16.0.91,600006,1,1,tablet,Opera,0,13.923225,79.548755
u016,2025-05-02 18:25:00,45.83.92.18,500003,0,0,mobile,Firefox,0,16.385293,72.781106
u013,2025-05-01 09:27:00,172.16.0.80,600006,1,0,desktop,Chrome,0,16.042879,71.295274
u010,2025-05-02 16:22:00,80.13.24.21,700007,1,1,mobile,Opera,0,12.283931,72.568159
u014,2025-05-02 11:51:00,172.16.0.162,600006,1,0,desktop,Opera,0,22.594266,80.441061
u008,2025-05-02 20:04:00,154.1.3.42,600006,0,1,desktop,Chrome,0,22.624044,78.21746
u004,2025-05-01 11:02:00,192.168.1.102,600006,0,1,mobile,Safari,0,15.429977,79.616695
u009,2025-05-01 22:38:00,80.13.24.133,400001,1,1,mobile,Opera,0,16.834629,72.007629
u013,2025-05-03 20:00:00,172.16.0.76,700007,0,0,tablet,Firefox,0,19.049089,74.104725
u016,2025-05-01 16:37:00,192.168.1.239,700007,1,0,mobile,Firefox,0,18.815468,82.353821
u014,2025-05-03 13:13:00,172.16.0.230,800013,0,1,desktop,Firefox,0,13.672273,71.165643
u010,2025-05-03 00:31:00,45.83.92.181,600006,0,1,mobile,Opera,1,20.588377,78.736208
u018,2025-05-02 10:37:00,10.0.0.16,500003,0,1,tablet,Opera,0,12.639802,88.90246
u013,2025-05-01 12:04:00,192.168.1.197,500003,1,0,mobile,Opera,0,12.635586,83.205669
u010,2025-05-01 05:06:00,45.83.92.90,400001,1,0,desktop,Firefox,1,22.820468,74.544422
u003,2025-05-02 09:13:00,80.13.24.149,800013,0,1,desktop,Safari,0,13.564743,72.306314
u017,2025-05-01 05:20:00,172.16.0.200,500003,0,0,tablet,Opera,1,15.336027,71.91987
u016,2025-05-03 02:24:00,80.13.24.66,500003,1,1,tablet,Opera,1,19.613775,71.183544
u006,2025-05-03 18:19:00,192.168.1.103,800013,1,1,desktop,Chrome,0,17.603643,88.93724
u005,2025-05-02 02:52:00,172.16.0.126,800013,1,1,mobile,Opera,1,20.953673,81.689169
u019,2025-05-01 23:05:00,154.1.3.233,600006,1,1,tablet,Firefox,1,15.36879,81.854021
u014,2025-05-01 05:57:00,192.168.1.221,700007,1,0,tablet,Chrome,1,17.797456,78.095584
u013,2025-05-03 01:15:00,80.13.24.140,800013,1,0,tablet,Firefox,1,13.437814,86.84548
u016,2025-05-02 17:07:00,154.1.3.39,400001,1,1,mobile,Firefox,0,16.947631,73.697828
u009,2025-05-01 16:02:00,172.16.0.13,400001,1,1,mobile,Opera,0,16.045353,77.868465
u007,2025-05-02 01:00:00,154.1.3.58,500003,1,1,mobile,Opera,1,21.102917,83.938673
u003,2025-05-01 17:42:00,80.13.24.224,500003,1,1,desktop,Firefox,0,20.462354,70.209594
u001,2025-05-03 03:11:00,154.1.3.63,800013,1,0,desktop,Chrome,1,16.577694,79.145539
u009,2025-05-01 14:22:00,80.13.24.110,400001,0,1,tablet,Chrome,0,12.211115,74.936451
u017,2025-05-03 21:45:00,45.83.92.52,700007,1,1,desktop,Chrome,0,20.363188,72.605084
u002,2025-05-02 06:59:00,80.13.24.191,500003,0,0,desktop,Opera,0,17.888411,74.088836
u001,2025-05-01 10:52:00,80.13.24.32,500003,0,0,tablet,Firefox,0,12.133329,74.582828
u002,2025-05-02 16:06:00,154.1.3.165,800013,0,0,tablet,Opera,0,22.734611,85.229205
u014,2025-05-01 07:13:00,10.0.0.182,600006,0,0,mobile,Safari,0,22.555343,79.269227
u001,2025-05-02 06:29:00,80.13.24.33,600006,1,0,desktop,Firefox,0,13.207098,80.41123
u014,2025-05-02 19:31:00,10.0.0.87,600006,0,1,tablet,Opera,0,16.998151,86.042785
u005,2025-05-02 05:40:00,45.83.92.162,700007,0,1,desktop,Opera,1,13.078908,79.276582
u013,2025-05-03 20:47:00,80.13.24.6,500003,0,0,mobile,Firefox,0,13.650535,76.168843
u014,2025-05-01 19:05:00,10.0.0.70,600006,1,1,desktop,Firefox,0,20.110928,79.044344
u013,2025-05-01 20:02:00,80.13.24.227,600006,0,1,mobile,Chrome,0,16.134771,77.495049
u017,2025-05-02 20:52:00,154.1.3.12,500003,1,1,desktop,Firefox,0,17.053914,84.915314
u018,2025-05-01 21:15:00,45.83.92.113,800013,1,1,desktop,Opera,0,21.812932,88.151359
u001,2025-05-01 15:04:00,80.13.24.26,500003,0,0,desktop,Firefox,0,20.655937,75.992731
u019,2025-05-03 06:15:00,192.168.1.40,700007,1,1,desktop,Firefox,0,19.569482,78.314459
u008,2025-05-02 05:38:00,80.13.24.155,600006,1,0,mobile,Opera,1,14.801377,85.97656
u003,2025-05-02 12:24:00,80.13.24.241,700007,1,1,desktop,Opera,0,12.42269,87.133478
u001,2025-05-02 13:54:00,10.0.0.153,800013,0,0,mobile,Opera,0,17.076252,82.106828
u015,2025-05-02 14:18:00,172.16.0.246,400001,1,0,tablet,Opera,0,19.252893,87.007237
u007,2025-05-01 06:00:00,10.0.0.191,700007,1,1,mobile,Safari,0,19.003367,81.664738
u013,2025-05-02 09:41:00,192.168.1.36,700007,0,0,mobile,Firefox,0,12.733172,79.849752
u007,2025-05-02 08:49:00,45.83.92.178,800013,1,1,tablet,Chrome,0,13.651859,84.011242
u013,2025-05-02 23:15:00,80.13.24.244,400001,1,0,tablet,Firefox,1,17.634441,82.924328
u009,2025-05-03 14:43:00,80.13.24.130,500003,0,0,desktop,Chrome,0,12.458402,71.611048
u013,2025-05-02 22:37:00,10.0.0.96,700007,0,1,mobile,Safari,0,19.879557,71.369602
u017,2025-05-03 21:56:00,172.16.0.157,700007,0,0,tablet,Safari,0,12.783824,70.230061
u005,2025-05-02 23:13:00,45.83.92.203,600006,0,0,mobile,Chrome,1,22.521515,84.012659
u004,2025-05-01 22:26:00,192.168.1.213,600006,1,0,desktop,Safari,0,15.885765,75.634176
u006,2025-05-03 04:12:00,172.16.0.93,800013,0,1,tablet,Firefox,1,15.846736,84.718417
u006,2025-05-01 01:47:00,80.13.24.98,600006,1,1,tablet,Chrome,1,19.275077,73.518716
u006,2025-05-01 09:05:00,172.16.0.63,600006,0,1,desktop,Firefox,0,13.915203,71.869517
u016,2025-05-02 21:48:00,10.0.0.4,400001,1,0,tablet,Chrome,0,19.26333,84.523081
u004,2025-05-01 16:50:00,10.0.0.192,800013,1,1,mobile,Safari,0,14.915511,70.397954
u020,2025-05-02 10:23:00,45.83.92.175,600006,0,1,tablet,Opera,0,12.903888,88.389341
u013,2025-05-03 01:22:00,154.1.3.51,400001,1,1,tablet,Firefox,1,15.249893,84.61524
u001,2025-05-03 03:55:00,192.168.1.143,500003,1,1,tablet,Opera,1,18.871299,77.256853
u017,2025-05-02 21:12:00,10.0.0.164,400001,1,0,tablet,Safari,0,14.26256,72.306342
u015,2025-05-01 19:31:00,172.16.0.41,600006,1,1,tablet,Chrome,0,18.765143,84.718042
u013,2025-05-02 19:12:00,45.83.92.73,800013,0,0,mobile,Chrome,0,19.082947,80.075741
u010,2025-05-03 17:55:00,172.16.0.86,700007,0,1,tablet,Firefox,0,12.461463,88.401287
u008,2025-05-01 05:48:00,45.83.92.45,400001,1,0,desktop,Safari,1,20.785856,75.563619
u013,2025-05-02 07:46:00,154.1.3.243,400001,0,1,desktop,Safari,0,22.779674,81.43575
u008,2025-05-03 19:04:00,45.83.92.175,700007,1,1,desktop,Firefox,0,18.406649,84.21339
u009,2025-05-01 09:05:00,10.0.0.45,600006,0,0,tablet,Safari,0,20.929468,82.473094
u005,2025-05-02 12:36:00,45.83.92.0,600006,0,0,mobile,Opera,0,13.409053,76.427083
u011,2025-05-02 21:59:00,80.13.24.113,400001,1,0,tablet,Opera,0,22.20892,74.267697
u011,2025-05-01 09:53:00,80.13.24.255,700007,0,1,desktop,Chrome,0,16.093837,78.209461
u020,2025-05-02 09:32:00,45.83.92.63,600006,1,0,mobile,Safari,0,16.833455,81.645852
u013,2025-05-01 10:09:00,45.83.92.107,500003,0,0,mobile,Opera,0,22.373834,74.573162
u010,2025-05-03 05:01:00,192.168.1.200,600006,1,1,mobile,Opera,1,13.336515,73.751939
u013,2025-05-01 16:46:00,154.1.3.144,500003,1,0,desktop,Safari,0,21.756174,82.270405
u019,2025-05-01 22:19:00,172.16.0.83,800013,0,1,tablet,Opera,0,15.144975,85.502992
u010,2025-05-01 06:13:00,45.83.92.100,400001,1,0,tablet,Firefox,0,21.47507,86.083772
u013,2025-05-02 21:53:00,80.13.24.28,400001,1,1,desktop,Chrome,0,22.108192,74.792579
u004,2025-05-03 20:21:00,192.168.1.222,500003,1,0,desktop,Chrome,0,20.305461,78.75025
u008,2025-05-02 15:19:00,45.83.92.88,700007,0,1,tablet,Opera,0,21.261984,83.841323
u009,2025-05-03 20:28:00,154.1.3.5,400001,0,0,desktop,Opera,0,20.540922,82.467075
u017,2025-05-01 00:37:00,192.168.1.245,600006,0,0,mobile,Opera,1,13.951716,80.355511
u014,2025-05-02 18:08:00,10.0.0.166,400001,0,1,tablet,Chrome,0,22.831367,87.810373
u013,2025-05-03 17:50:00,192.168.1.250,400001,0,0,tablet,Chrome,0,12.474911,73.131481
u006,2025-05-03 22:11:00,10.0.0.228,600006,0,0,desktop,Firefox,0,13.449017,83.793618
u006,2025-05-01 17:16:00,10.0.0.43,400001,1,1,tablet,Firefox,0,20.995639,74.056716
u014,2025-05-03 00:15:00,154.1.3.23,800013,1,1,desktop,Opera,1,17.56438,85.973358
u011,2025-05-03 11:38:00,192.168.1.107,400001,0,0,desktop,Firefox,0,20.060817,80.302507
u005,2025-05-02 06:08:00,192.168.1.110,800013,1,1,desktop,Opera,0,18.493825,79.65885
u003,2025-05-03 08:16:00,172.16.0.83,700007,1,0,mobile,Opera,0,15.273033,80.735418
u005,2025-05-03 06:04:00,45.83.92.137,500003,1,0,mobile,Firefox,0,19.577738,86.593135
u011,2025-05-02 12:01:00,192.168.1.126,400001,1,0,tablet,Chrome,0,18.999205,84.461309
u018,2025-05-02 02:21:00,45.83.92.45,600006,1,1,desktop,Firefox,1,13.760788,78.769592
u009,2025-05-01 03:24:00,80.13.24.193,400001,0,0,tablet,Safari,1,12.102648,74.686898
u019,2025-05-02 03:33:00,154.1.3.144,800013,1,0,desktop,Firefox,1,19.991079,88.844389
u011,2025-05-02 05:22:00,45.83.92.206,700007,0,1,desktop,Firefox,1,13.090959,77.628392
u005,2025-05-01 12:36:00,45.83.92.136,400001,1,0,tablet,Opera,0,20.800781,73.876677
u015,2025-05-01 14:22:00,172.16.0.146,600006,1,0,mobile,Chrome,0,18.105934,83.928355
u010,2025-05-02 10:54:00,10.0.0.40,400001,0,0,desktop,Chrome,0,18.77584,73.57247
u003,2025-05-03 09:35:00,172.16.0.5,700007,0,1,mobile,Chrome,0,15.90923,84.892044
u013,2025-05-01 19:12:00,45.83.92.3,700007,1,0,tablet,Chrome,0,18.096492,70.099363
u020,2025-05-02 05:43:00,192.168.1.115,500003,0,1,desktop,Safari,1,20.370898,70.670916
u002,2025-05-02 15:24:00,80.13.24.191,400001,1,0,tablet,Chrome,0,20.203072,73.847131
u010,2025-05-02 15:18:00,154.1.3.109,400001,1,0,mobile,Chrome,0,22.538808,76.990874
u015,2025-05-03 15:03:00,154.1.3.3,800013,1,1,mobile,Safari,0,15.596248,72.828873
u004,2025-05-01 11:56:00,45.83.92.95,700007,1,0,desktop,Opera,0,15.361646,86.656364
u016,2025-05-01 02:33:00,192.168.1.78,700007,0,1,desktop,Firefox,1,22.959678,76.997881
u009,2025-05-01 15:25:00,154.1.3.153,600006,1,0,tablet,Safari,0,16.934717,83.719348
u004,2025-05-02 21:53:00,172.16.0.82,500003,1,1,desktop,Safari,0,21.748154,81.267842
u007,2025-05-01 06:18:00,10.0.0.68,700007,1,1,desktop,Firefox,0,16.306783,77.839815
u007,2025-05-02 21:17:00,10.0.0.215,700007,1,0,mobile,Opera,0,19.6518,70.061147
u017,2025-05-03 23:53:00,172.16.0.67,400001,0,0,desktop,Firefox,1,18.815483,76.754367
u012,2025-05-03 00:49:00,45.83.92.121,400001,1,1,tablet,Chrome,1,20.736171,71.766822
u014,2025-05-02 09:18:00,172.16.0.42,700007,0,0,tablet,Firefox,0,18.470225,79.138485
u008,2025-05-02 03:55:00,154.1.3.126,700007,0,1,tablet,Chrome,1,19.065581,71.232218
u017,2025-05-03 05:12:00,192.168.1.76,500003,0,0,mobile,Chrome,1,18.379822,80.668207
u009,2025-05-01 04:27:00,10.0.0.102,400001,0,1,mobile,Safari,1,18.167261,81.466266
u008,2025-05-01 10:27:00,172.16.0.31,800013,1,0,mobile,Chrome,0,19.441147,85.294791
u009,2025-05-02 08:22:00,45.83.92.214,500003,1,0,desktop,Chrome,0,14.968028,85.675939
u001,2025-05-01 21:47:00,154.1.3.108,600006,1,1,tablet,Chrome,0,17.480813,71.464107
u014,2025-05-01 08:31:00,154.1.3.171,600006,0,0,tablet,Chrome,0,12.64406,76.350528
u018,2025-05-01 10:23:00,45.83.92.185,800013,1,0,tablet,Safari,0,20.633867,83.445938
u007,2025-05-03 12:05:00,10.0.0.66,800013,0,0,tablet,Firefox,0,20.674765,79.828112
u007,2025-05-03 14:59:00,10.0.0.38,800013,1,1,tablet,Opera,0,16.842189,72.801598
u007,2025-05-03 23:09:00,10.0.0.65,500003,1,1,tablet,Safari,1,15.61012,78.246368
u012,2025-05-02 20:45:00,10.0.0.223,400001,1,1,tablet,Chrome,0,12.974605,74.191627
u006,2025-05-03 08:44:00,80.13.24.148,400001,0,0,tablet,Opera,0,18.580478,83.977599
u016,2025-05-03 17:55:00,192.168.1.38,500003,1,1,tablet,Opera,0,22.981823,87.729153
u013,2025-05-03 08:13:00,80.13.24.1,500003,0,0,tablet,Opera,0,19.068217,78.003713
u017,2025-05-03 23:33:00,154.1.3.155,500003,1,1,tablet,Chrome,1,18.997951,84.927381
u006,2025-05-01 01:34:00,80.13.24.149,400001,0,1,desktop,Safari,1,13.301698,77.788193
u002,2025-05-03 07:52:00,80.13.24.59,400001,1,1,mobile,Chrome,0,21.237825,77.292826
u018,2025-05-02 23:08:00,172.16.0.150,600006,0,0,mobile,Firefox,1,18.290595,81.167618
u009,2025-05-01 08:01:00,192.168.1.54,700007,1,0,mobile,Firefox,0,14.029239,76.882473
u011,2025-05-02 06:37:00,45.83.92.202,500003,1,0,tablet,Opera,0,15.679624,70.497737
u012,2025-05-01 15:05:00,172.16.0.92,700007,0,0,desktop,Opera,0,12.266109,85.802244
u006,2025-05-03 09:01:00,154.1.3.83,500003,1,0,desktop,Firefox,0,15.003779,79.843497
u003,2025-05-02 07:29:00,45.83.92.206,400001,0,0,tablet,Chrome,0,15.285981,87.872906
u013,2025-05-02 00:07:00,10.0.0.22,500003,0,0,mobile,Firefox,1,14.852264,78.163479
u020,2025-05-01 00:50:00,10.0.0.173,400001,0,0,mobile,Opera,1,21.600033,85.996738
u006,2025-05-02 10:30:00,80.13.24.124,400001,1,0,desktop,Chrome,0,14.047116,85.250223
u004,2025-05-03 09:06:00,192.168.1.212,500003,0,0,desktop,Firefox,0,17.040056,79.176409
u014,2025-05-02 04:22:00,45.83.92.146,500003,1,0,mobile,Firefox,1,13.46828,71.531429
u004,2025-05-01 03:18:00,154.1.3.39,800013,1,0,mobile,Chrome,1,20.007332,79.432762
u002,2025-05-03 04:11:00,172.16.0.171,800013,0,1,desktop,Safari,1,16.805358,83.860656
u020,2025-05-02 11:56:00,10.0.0.138,700007,1,1,tablet,Chrome,0,20.420642,73.019255
u001,2025-05-01 20:09:00,154.1.3.75,700007,1,1,desktop,Chrome,0,18.712477,72.571728
u019,2025-05-02 23:17:00,80.13.24.46,600006,0,0,mobile,Safari,1,20.265126,82.482148
u011,2025-05-02 13:30:00,45.83.92.211,800013,1,0,tablet,Firefox,0,22.522761,71.310202
u013,2025-05-02 17:31:00,192.168.1.252,800013,0,1,desktop,Opera,0,12.627602,75.361554
